CONSULTA DE CENTROS Y SERVICIOS EDUCATIVOS;;;;;;;;;;;;;;;;;
AREA TERRITORIAL;CODIGO CENTRO;TIPO DE CENTRO;CENTRO;DOMICILIO;MUNICIPIO;DISTRITO MUNICIPAL;COD. POSTAL;TELEFONO;FAX;EMAIL;EMAIL2;TITULARIDAD;coche;tren;andando;bici;preferente?
Madrid-Oeste;28023911;IES;GERARDO DIEGO;Calle Irlanda, S/n ;Pozuelo de Alarcón;-;28224;913521003;913523965;ies.gerardodiego.pozuelodealarcon@educa.madrid.org;-;Público;16;;;;si
Madrid-Oeste;28038914;IES;CAMILO JOSE CELA;Calle Islas Cíes, 53 ;Pozuelo de Alarcón;-;28223;917155861;913529511;ies.camilojosecela.pozuelodealarcon@educa.madrid.org;-;Público;18;;;;si
Madrid-Oeste;28028571;IES;LAS ROZAS I;Calle Real, 52 ;Rozas de Madrid, Las;-;28231;916374006;916374323;ies.uno.lasrozas@educa.madrid.org;-;Público;18;;;;si
Madrid-Norte;28038847;IES;SEVERO OCHOA;Calle De Francisco Chico Mendes, 3 ;Alcobendas;-;28108;916620443;916612579;ies.severoochoa.alcobendas@educa.madrid.org;-;Público;18;;;;si
Madrid-Norte;28038070;IES;VIRGEN DE LA PAZ;Calle De Francisco Chico Mendes, 4 ;Alcobendas;-;28108;916615943;916618291;ies.lapaz.alcobendas@educa.madrid.org;-;Público;18;;;;si
Madrid-Norte;28000753;IES;FRANCISCO GINER DE LOS RIOS;Avenida De La Transición Española, 11 ;Alcobendas;-;28108;916525466;916511164;ies.ginerdelosrios.alcobendas@educa.madrid.org;-;Público;19;;;;si
Madrid-Oeste;28040787;IES;EL BURGO-IGNACIO ECHEVERRÍA;Avenida De España, 141 ;Rozas de Madrid, Las;-;28231;916393511;916344923;ies.burgoiecheverria.lasrozas@educa.madrid.org;-;Público;20;;;;si
Madrid-Oeste;28032501;IES;LEONARDO DA VINCI;Avenida Guadarrama, 42 ;Majadahonda;-;28220;916387423;916387513;ies.leonardodavinci.majadahonda@educa.madrid.org;-;Público;20;;;;si
Madrid-Oeste;28042073;IES;MARGARITA SALAS;Calle María Teresa León, 1 ;Majadahonda;-;28220;916340599;916340056;ies.margaritasalas.majadahonda@educa.madrid.org;-;Público;20;;;;si
Madrid-Norte;28001678;IES;JORGE MANRIQUE;Calle Del Mar Adriático, 2 ;Tres Cantos;-;28760;918040964;918046515;ies.jorgemanrique.trescantos@educa.madrid.org;-;Público;20;;;;si
Madrid-Norte;28040660;IES;ALDEBARAN;Avenida De Valdelaparra, 90 ;Alcobendas;-;28108;916618085;916618238;ies.aldebaran.alcobendas@educa.madrid.org;-;Público;21;;;;si
Madrid-Sur;28037004;IES;ENRIQUE TIERNO GALVAN;Calle Agustinos, S/n ;Leganés;-;28914;916947859;916941694;ies.tiernogalvan.leganes@educa.madrid.org;-;Público;22;;;;si
Madrid-Oeste;28001848;CP INF-PRI-SEC;PRINCIPE DON FELIPE;Calle De Juan Carlos I, 40 ;Boadilla del Monte;-;28660;916331626;916331954;cp.principedonfelipe.boadilla@educa.madrid.org;-;Público;22;;;;no
Madrid-Oeste;28048476;IES;FEDERICO GARCIA LORCA;Calle Gimnasio, 1 ;Rozas de Madrid, Las;-;28290;916304199;916302479;ies.garcialorca.lasrozas@educa.madrid.org;-;Público;22;;;;si
Madrid-Sur;28042115;IES;ITACA;Avenida De Los Castillos, S/n ;Alcorcón;-;28925;916101411;916116403;ies.itaca.alcorcon@educa.madrid.org;-;Público;22;;;;si
Madrid-Oeste;28075510;IES;JOSE GARCIA NIETO;Calle Camilo José Cela, 24 ;Rozas de Madrid, Las;-;28232;911733737;911731120;ies.josegarcianieto.lasrozas@educa.madrid.org;-;Público;22;;;;si
Madrid-Oeste;28058652;IES;JOSE SARAMAGO;Calle Del Maestro, 1 ;Majadahonda;-;28220;916398411;916347902;ies.josesaramago.majadahonda@educa.madrid.org;-;Público;22;;;;si
Madrid-Oeste;28041378;IES;PROFESOR MAXIMO TRUEBA;Calle De Santillana Del Mar, 22 ;Boadilla del Monte;-;28660;916321512;916321518;ies.maximotrueba.boadilla@educa.madrid.org;-;Público;22;;;;si
Madrid-Norte;28078043;IES;GLORIA FUERTES;Avenida Pablo Iglesias Esquina Con C/ Gloria Fuertes ;Alcobendas;-;28100;914900071;-;ies.gloriafuertes.alcobendas@educa.madrid.org;-;Público;22;;;;si
Madrid-Norte;28040799;IES;JULIO PALACIOS;Avenida Del Moscatelar, 19 ;San Sebastián de los Reyes;-;28703;916524999;916520194;ies.juliopalacios.sansebastian@educa.madrid.org;-;Público;22;;;;si
Madrid-Norte;28064044;IES;LUIS GARCIA BERLANGA;Camino De Chozas, S/n ;Guadalix de la Sierra;-;28794;918470636;-;ies.luisgarciaberlanga.guadalix@educa.madrid.org;-;Público;22;;;;si
Madrid-Norte;28042103;IES;PINTOR ANTONIO LOPEZ;Calle Del Orégano, 1 ;Tres Cantos;-;28760;918039102;918030328;ies.antoniolopez.trescantos@educa.madrid.org;-;Público;23;;;;si
Madrid-Oeste;28039943;IES;CARLOS BOUSOÑO;Calle Pinos, 10 ;Majadahonda;-;28221;916347660;916342046;ies.carlosbousono.majadahonda@educa.madrid.org;-;Público;24;;;;si
Madrid-Oeste;28044306;IES;CARMEN CONDE;Avenida De Atenas, 45bis ;Rozas de Madrid, Las;-;28232;916319487;916317252;ies.carmenconde.lasrozas@educa.madrid.org;-;Público;24;;;;si
Madrid-Sur;28042036;IES;GABRIEL GARCIA MARQUEZ;Calle Beatriz Galindo, 6 ;Leganés;-;28914;914811290;916800590;ies.garciamarquez.leganes@educa.madrid.org;-;Público;24;;;;si
Madrid-Sur;28039700;IES;JOSEFINA ALDECOA;Calle De Sahagún, S/n ;Alcorcón;-;28925;916125261;916125361;ies.josefinaaldecoa.alcorcon@educa.madrid.org;-;Público;24;;;;si
Madrid-Sur;28038872;IES;LA FORTUNA;Calle Castelo Branco, 4 ;Leganés;-;28917;916197912;916105228;ies.lafortuna.leganes@educa.madrid.org;-;Público;24;;;;si
Madrid-Sur;28026092;IES;LOS CASTILLOS;Avenida De Los Castillos, 5 ;Alcorcón;-;28925;916121063;916119451;ies.loscastillos.alcorcon@educa.madrid.org;-;Público;24;;;;si
Madrid-Norte;28041354;IES;AGORA;Calle Manuel De Falla, 54-56 ;Alcobendas;-;28100;916515700;916548684;ies.agora.alcobendas@educa.madrid.org;-;Público;24;;;;si
Madrid-Norte;28035317;IES;JOSE LUIS SAMPEDRO;Avenida De La Vega, S/n ;Tres Cantos;-;28760;918031142;918034126;ies.sampedro.trescantos@educa.madrid.org;-;Público;24;;;;si
Madrid-Norte;28043028;IES;JUAN DE MAIRENA;Pasaje La Viña, 3 ;San Sebastián de los Reyes;-;28701;916518199;-;ies.juandemairena.sansebastian@educa.madrid.org;-;Público;24;;;;si
Madrid-Norte;28058639;IES;ATENEA;Plaza Santiago De Chuco, 1 ;San Sebastián de los Reyes;-;28702;916590934;91-6513469;ies.atenea.sansebastian@educa.madrid.org;-;Público;25;;;;si
Madrid-Norte;28077491;IES;MONTSERRAT CABALLE;Calle De Eslovaquia, 2 ;Tres Cantos;-;28760;918572564;917031644;ies.montserratcaballe.trescantos@educa.madrid.org;-;Público;25;;;;si
Madrid-Sur;28042061;IES;ANTONIO LOPEZ GARCÍA;Calle De Los Arquitectos, 39 ;Getafe;-;28903;916835621;916835580;ies.antoniolopezgarcia.getafe@educa.madrid.org;-;Público;26;;;;si
Madrid-Sur;28032471;IES;ARQUITECTO PERIDIS;Avenida Alemania, 19 ;Leganés;-;28916;916867274;916803344;ies.arquitectoperid.leganes@educa.madrid.org;-;Público;26;;;;si
Madrid-Oeste;28058640;IES;ARQUITECTO VENTURA RODRIGUEZ;Calle De Severo Ochoa, 4 ;Boadilla del Monte;-;28660;916336271;916339594;ies.arquitectoventurarodriguez.boadilla@educa.madrid.org;-;Público;26;;;;si
Madrid-Oeste;28037089;IES;DIEGO VELAZQUEZ;Calle Del Instituto, 1 ;Torrelodones;-;28250;918590405;918592579;ies.velazquez.torrelodones@educa.madrid.org;-;Público;26;;;;si
Madrid-Sur;28039839;IES;ISAAC ALBENIZ;Avenida Gran Bretaña, 18 ;Leganés;-;28916;916800443;916807914;ies.albeniz.leganes@educa.madrid.org;-;Público;26;;;;si
Madrid-Sur;28042024;IES;PABLO NERUDA;Calle Maestro, 31 ;Leganés;-;28914;916801909;916864889;ies.neruda.leganes@educa.madrid.org;-;Público;26;;;;si
Madrid-Sur;28038859;IES;PARQUE DE LISBOA;Calle De La Paz, 6 ;Alcorcón;-;28924;916118712;916120200;ies.parquelisboa.alcorcon@educa.madrid.org;-;Público;26;;;;si
Madrid-Norte;28024642;IES;JOAN MIRO;Calle De La Isla De La Palma, 31 ;San Sebastián de los Reyes;-;28703;916527002;916548869;ies.joanmiro.sansebastian@educa.madrid.org;-;Público;26;;;;si
Madrid-Norte;28028611;IES;GONZALO TORRENTE BALLESTER;Avenida De Aragón, 12 ;San Sebastián de los Reyes;-;28702;916526533;916522071;ies.torrenteballest.sansebastian@educa.madrid.org;-;Público;27;;;;si
Madrid-Sur;28041411;IES;ALTAIR;Carretera De Getafe-leganés, S/n ;Getafe;-;28904;916831621;-;ies.altair.getafe@educa.madrid.org;-;Público;28;;;;si
Madrid-Sur;28028404;IES;BUTARQUE;Calle Adolfo Marsillach, 5 ;Leganés;-;28918;916802011;916803628;ies.butarque.leganes@educa.madrid.org;-;Público;28;;;;si
Madrid-Sur;28041512;IES;CALATALIFA;Calle San Antonio, 2 ;Villaviciosa de Odón;-;28670;916169295;916169296;ies.calatalifa.villaviciosa@educa.madrid.org;-;Público;28;;;;si
Madrid-Sur;28041366;IES;EL PINAR;Calle Del Parque Ferial, S/n ;Alcorcón;-;28923;916439644;914861167;ies.elpinar.alcorcon@educa.madrid.org;ies.el.pinar@centros5.cnice.mecd.es;Público;28;;;;si
Madrid-Sur;28078547;IES;ELISA SORIANO FISCHER;Avenida Avda. De Méjico, 1 ;Getafe;-;28907;918868631;-;ies.elisasorianofischer.getafe@educa.madrid.org;-;Público;28;;;;si
Madrid-Sur;28030915;IES;GALILEO GALILEI;Avenida De Retamas, 2 ;Alcorcón;-;28922;916440235;916438290;ies.galileogalilei.alcorcon@educa.madrid.org;-;Público;28;;;;si
Madrid-Sur;28046261;IES;IGNACIO ALDECOA;Calle Saeta, S/n ;Getafe;-;28909;919081974;-;ies.ignacioaldecoa.getafe@educa.madrid.org;-;Público;28;;;;si
Madrid-Oeste;28078031;IES;ISABEL LA CATOLICA;Calle De Cristóbal Colón, 12 ;Boadilla del Monte;-;28660;912760318;-;ies.isabellacatolica.boadilla@educa.madrid.org;-;Público;28;;;;si
Madrid-Sur;28074037;IES;JORGE GUILLEN;Calle Olimpico Fernandez Ochoa, S/n ;Alcorcón;-;28923;916415711;916442924;ies.jorgeguillen.alcorcon@educa.madrid.org;-;Público;28;;;;si
Madrid-Sur;28039864;IES;JULIO VERNE;Calle De La Ingeniería, 4 ;Leganés;-;28918;916807665;914810010;ies.julioverne.leganes@educa.madrid.org;-;Público;28;;;;si
Madrid-Sur;28036978;IES;LA ARBOLEDA;Avenida Del Oeste, S/n ;Alcorcón;-;28922;916439991;916440025;ies.laarboleda.alcorcon@educa.madrid.org;-;Público;28;;;;si
Madrid-Sur;28074669;IES;MENENDEZ PELAYO;Avenida De Las Ciudades, S/n ;Getafe;-;28903;916821511;-;ies.menendezpelayo.getafe@educa.madrid.org;-;Público;28;;;;si
Madrid-Sur;28072223;IES;PEDRO DUQUE;Calle Beatriz Galindo, 1-3 ;Leganés;-;28914;916889133;916800999;ies.pedroduque.leganes@educa.madrid.org;-;Público;28;;;;si
Madrid-Sur;28030241;IES;PRADO DE SANTO DOMINGO;Avenida Esteban Marquez, 3 ;Alcorcón;-;28922;916439100;916432363;ies.pradodesantodomingo.alcorcon@educa.madrid.org;-;Público;28;;;;si
Madrid-Sur;28038291;IES;SALVADOR DALI;Calle Austria, 7 ;Leganés;-;28916;916862999;916802709;ies.salvadordali.leganes@educa.madrid.org;-;Público;28;;;;si
Madrid-Sur;28040738;IES;SAN NICASIO;Paseo De La Ermita, 4 ;Leganés;-;28918;916807752;916801402;ies.sannicasio.leganes@educa.madrid.org;-;Público;28;;;;si
Madrid-Oeste;28050562;IES;SAPERE AUDE;Avenida De Los Estudiantes, 4 ;Villanueva del Pardillo;-;28229;918151519;918151764;ies.villanuevadelpardillo@educa.madrid.org;-;Público;28;;;;si
Madrid-Sur;28038306;IES;SIGLO XXI;Calle De La Ingeniería, 1 ;Leganés;-;28918;916806303;916807302;ies.sigloveintiuno.leganes@educa.madrid.org;-;Público;28;;;;si
Madrid-Sur;28038884;IES;CLARA CAMPOAMOR;Avenida De Alcorcón, 1 ;Móstoles;-;28936;916462125;916470309;ies.claracampoamor.mostoles@educa.madrid.org;-;Público;30;;;;no
Madrid-Sur;28042668;IES;EUROPA;Avenida De Alcorcón, 9 ;Móstoles;-;28936;916468267;-;ies.europa.mostoles@educa.madrid.org;-;Público;30;;;;no
Madrid-Sur;28003882;IES;JOSE DE CHURRIGUERA;Calle Constitución De Cádiz, 1 ;Leganés;-;28914;916946011;916938962;ies.churriguera.leganes@educa.madrid.org;-;Público;30;;;;no
Madrid-Sur;28040696;IES;JOSÉ HIERRO;Avenida De Juan Carlos I, 9 ;Getafe;-;28905;916821213;916810373;ies.josehierro.getafe@educa.madrid.org;-;Público;30;;;;no
Madrid-Oeste;28046303;IES;LAS ENCINAS;Avenida Mirasierra, 8 ;Villanueva de la Cañada;-;28691;918157473;918156010;ies.lasencinas.villanuevadelacanada@educa.madrid.org;-;Público;30;;;;no
Madrid-Sur;28003900;IES;MARIA ZAMBRANO;Calle Alpujarras, 52 ;Leganés;-;28915;916880222;916804235;ies.mariazambrano.leganes@educa.madrid.org;-;Público;30;;;;no
Madrid-Oeste;28001812;CP INF-PRI-SEC;JUAN RAMON JIMENEZ;Paseo De San Sebastián, 23 ;Becerril de la Sierra;-;28490;918538064;918555468;cp.juanramonjimenez.becerril@educa.madrid.org;colegiobecerril@gmail.com;Público;30;;;;no
Madrid-Oeste;28002415;IES;JAIME FERRAN;Calle Matalpino, 22 ;Collado Villalba;-;28400;918501571;918508523;ies.jaimeferran.colladovillalba@educa.madrid.org;-;Público;30;;;;no
Madrid-Oeste;28041597;IES;LAS CANTERAS;Calle Peñalara, 2 ;Collado Villalba;-;28400;918513438;918513588;ies.lascanteras.colladovillalba@educa.madrid.org;-;Público;30;;;;no
Madrid-Sur;28042671;IES;ANTONIO DE NEBRIJA;Avenida De La O.n.u., 83 ;Móstoles;-;28936;916466443;916465334;ies.antoniodenebrija.mostoles@educa.madrid.org;-;Público;35;;;;no
Madrid-Sur;28042085;IES;ANTONIO GALA;Calle Hermanos Grimm, 3 ;Móstoles;-;28935;916145263;916184304;ies.antoniogala.mostoles@educa.madrid.org;-;Público;35;;;;no
Madrid-Oeste;28040714;IES;DE GUADARRAMA;Carretera Del Escorial, S/n ;Guadarrama;-;28440;918542212;918547122;ies.guadarrama@educa.madrid.org;-;Público;35;;;;no
Madrid-Oeste;28046251;IES;FRANCISCO AYALA;Paseo Francisco Ayala, S/n ;Hoyo de Manzanares;-;28240;918567725;918569574;ies.franciscoayala.hoyodemanzanares@educa.madrid.org;-;Público;35;;;;no
Madrid-Sur;28050549;IES;GABRIEL CISNEROS;Calle De Las Arizónicas, 20 ;Móstoles;-;28935;916478849;916478110;ies.gabrielcisneros.mostoles@educa.madrid.org;-;Público;35;;;;no
Madrid-Oeste;28042620;IES;INFANTA ELENA;Carretera De Guadarrama, 85 ;Galapagar;-;28260;918587730;918585712;ies.infantaelena.galapagar@educa.madrid.org;-;Público;35;;;;no
Madrid-Sur;28072107;IES;LA SENDA;Senda De Mafalda, 2 ;Getafe;-;28905;916810212;916823884;ies.lasenda.getafe@educa.madrid.org;-;Público;35;;;;no
Madrid-Sur;28039827;IES;LAGUNA DE JOATZEL;Avenida Vascongadas, S/n ;Getafe;-;28903;916832026;916830013;ies.lagunadejoatzel.getafe@educa.madrid.org;-;Público;35;;;;no
Madrid-Oeste;28045050;IES;LAZARO CARDENAS;Calle Isla De Sálvora, 153 ;Collado Villalba;-;28400;918514581;918518466;ies.lazarocardenas.colladovillalba@educa.madrid.org;-;Público;35;;;;no
Madrid-Sur;28040702;IES;LEON FELIPE;Avenida De Las Fuerzas Armadas, S/n ;Getafe;-;28901;916818080;916839657;ies.leonfelipe.getafe@educa.madrid.org;-;Público;35;;;;no
Madrid-Oeste;28042012;IES;MARIA GUERRERO;Avenida Las Suertes, S/n ;Collado Villalba;-;28400;918508395;-;ies.mariaguerrero.colladovillalba@educa.madrid.org;-;Público;35;;;;no
Madrid-Sur;28003201;IES;MATEMATICO PUIG ADAM;Calle Toledo, 45 ;Getafe;-;28901;916951024;916969962;ies.puigadam.getafe@educa.madrid.org;-;Público;35;;;;no
Madrid-Sur;28050720;IES;MIGUEL DE CERVANTES;Paseo De Arroyomolinos, 58 ;Móstoles;-;28938;916452469;916466098;ies.cervantes.mostoles@educa.madrid.org;-;Público;35;;;;no
Madrid-Sur;28044719;IES;RAYUELA;Calle Magallanes, 14 ;Móstoles;-;28933;916641407;916640905;ies.rayuela.mostoles@educa.madrid.org;-;Público;35;;;;no
Madrid-Sur;28041615;IES;SATAFI;Avenida De Las Ciudades, 104 ;Getafe;-;28903;916830660;916817173;ies.satafi.getafe@educa.madrid.org;-;Público;35;;;;no
Madrid-Oeste;28045839;IES;VALMAYOR;Calle Paz, 99 ;Valdemorillo;-;28210;918977462;918977789;ies.valmayor.valdemorillo@educa.madrid.org;-;Público;35;;;;no
Madrid-Oeste;28046111;IES;ALPEDRETE;Paraje Del Peralejo, S/n ;Alpedrete;-;28430;918514507;918491470;ies.alpedrete.alpedrete@educa.madrid.org;-;Público;35;;;;no
Madrid-Sur;28075492;IES;RAFAEL FRÜHBECK DE BURGOS;Calle Humanes De Madrid, 14 ;Leganés;-;28914;913787733;913787186;ies.rafaelfruhbeckdeburgos.leganes@educa.madrid.org;-;Público;35;;;;no
Madrid-Sur;28045815;IES;AVALON;Calle Dalí, 50 ;Valdemoro;-;28342;910880389;918955555;ies.avalon.valdemoro@educa.madrid.org;-;Público;40;;;;no
Madrid-Oeste;28046352;IES;CAÑADA REAL;Calle Carmen Martín Gaite, S/n ;Galapagar;-;28260;918583336;918585657;ies.canadareal.galapagar@educa.madrid.org;-;Público;40;;;;no
Madrid-Oeste;28022207;IES;CARMEN MARTIN GAITE;Avenida Del Marqués De Santillana, 14 ;Moralzarzal;-;28411;918578517;918578929;ies.carmenmartingai.moralzarzal@educa.madrid.org;-;Público;40;;;;no
Madrid-Oeste;28046558;IES;GREGORIO PECES-BARBA;Carretera De Villanueva Del Pardillo, S/n ;Colmenarejo;-;28270;918424540;918424541;ies.colmenarejo@educa.madrid.org;-;Público;40;;;;no
Madrid-Sur;28065632;IES;GUSTAVO ADOLFO BECQUER;Calle Madrid, 53 ;Moraleja de Enmedio;-;28950;916093692;916093720;ies.becquer.moraleja@educa.madrid.org;-;Público;40;;;;no
Madrid-Sur;28030216;IES;HUMANEJOS;Avenida Juan Carlos I, 19 ;Parla;-;28981;916982906;916982860;ies.humanejos.parla@educa.madrid.org;-;Público;40;;;;no
Madrid-Sur;28058688;IES;MIGUEL DELIBES;Calle Miguel Hernández, 2a ;Torrejón de la Calzada;-;28991;918106097;918160211;ies.migueldelibes.torrejondelacalzada@educa.madrid.org;-;Público;40;;;;no
Madrid-Sur;28070974;IES;NICOLAS COPERNICO;Avenida Del Sistema Solar, 8 ;Parla;-;28983;918295357;918295364;ies.nicolascopernico.parla@educa.madrid.org;-;Público;40;;;;no
Madrid-Sur;28043016;IES;PABLO PICASSO;Calle De Pablo Picasso, S/n ;Pinto;-;28320;916921536;916923423;ies.picasso.pinto@educa.madrid.org;-;Público;40;;;;no
Madrid-Sur;28041470;IES;PROFESOR ANGEL YSERN;Paseo Don Miguel Ribagorda Gómez, 3 ;Navalcarnero;-;28600;918101230;918112560;ies.angelysern.navalcarnero@educa.madrid.org;-;Público;40;;;;no
Madrid-Sur;28050550;IES;SEVILLA LA NUEVA;Calle Ruiseñor, 5 ;Sevilla la Nueva;-;28609;918124066;918124067;ies.sevillalanueva.sevilla@educa.madrid.org;-;Público;40;;;;no
Madrid-Sur;28058676;IES;EL ALAMO;Paseo Del Olivar, 62 ;Álamo, El;-;28607;918104133;918122113;ies.elalamo.elalamo@educa.madrid.org;-;Público;45;;;;no
Madrid-Oeste;28046364;IES;EL ESCORIAL;Avenida Fresneda, S/n ;Escorial, El;-;28280;918907161;918969305;ies.elescorial.elescorial@educa.madrid.org;-;Público;45;;;;no
Madrid-Sur;28069391;IES;FERNANDO FERNAN GOMEZ;Calle Valdehondillo, 8 ;Humanes de Madrid;-;28970;916048205;914981062;ies.fernangomez.humanes@educa.madrid.org;-;Público;45;;;;no
Madrid-Oeste;28065644;IES;GONZALO ANES;Calle De La Dehesa, S/n ;Collado Mediano;-;28450;918557965;918598879;ies.gonzaloanes.colladomediano@educa.madrid.org;-;Público;45;;;;no
Madrid-Sur;28046315;IES;GRIÑON;Plaza Alba, 3 ;Griñón;-;28971;918141768;918103065;ies.grinon.grinon@educa.madrid.org;-;Público;45;;;;no
Madrid-Oeste;28028684;IES;JUAN DE HERRERA;Carretera De Guadarrama, S/n ;San Lorenzo de El Escorial;-;28200;918902470;918906761;ies.juandeherrera.sanlorenzo@educa.madrid.org;-;Público;45;;;;no
Madrid-Oeste;28035342;IES;LA DEHESILLA;Camino De La Dehesilla Y Rodeo, S/n ;Cercedilla;-;28470;918521763;918520187;ies.ladehesilla.cercedilla@educa.madrid.org;-;Público;45;;;;no
Madrid-Sur;28046273;IES;MAESTRO JUAN MARIA LEONET;Calle Pedro De Tolosa, 2 ;Villa del Prado;-;28630;918649088;918620727;ies.maestrojmleonet.villadelprado@educa.madrid.org;-;Público;60;;;;no
Madrid-Oeste;28059279;IES;SABINO FERNANDEZ CAMPO;Calle Elisadero, 28 ;Robledo de Chavela;-;28294;918981528;918995876;ies.sabinofernandezcampo.robledo@educa.madrid.org;-;Público;60;;;;no
Madrid-Sur;28045645;IES;PEDRO DE TOLOSA;Calle De Los Estudios, 1 ;San Martín de Valdeiglesias;-;28680;918610145;918612577;ies.pedrodetolosa.sanmartindevaldeiglesias@educa.madrid.org;-;Público;65;;;;no
Madrid-Este;28002865;CP INF-PRI;ALARILLA;Calle De La Virgen De Alarilla, 10 ;Fuentidueña de Tajo;-;28597;918728403;918728403;cp.alarilla.fuentiduena@educa.madrid.org;-;Público;;;;;
Madrid-Capital;28005003;CP INF-PRI;ALFONSO X EL SABIO;Calle De La Fuente De San Pedro, 6 ;Madrid;Vicálvaro;28032;913719661;-;cp.alfonsodecimo.madrid@educa.madrid.org;-;Público;;;;;
Madrid-Este;28074591;CP INF-PRI;ALFREDO LANDA;Avenida De Lisboa, 9 ;Coslada;-;28822;913854501;-;cp.alfredolanda.coslada@educa.madrid.org;-;Público;;;;;
Madrid-Sur;28028362;CP INF-PRI;ANDRES MANJON;Calle Galicia, 25 ;Fuenlabrada;-;28942;916081704;916082968;cp.andresmanjon.fuenlabrada@educa.madrid.org;-;Público;;;;;
Madrid-Este;28033621;CP INF-PRI;ANTONIO MACHADO;Calle Jiménez De Quesada, 7 ;Alcalá de Henares;-;28802;918815557;918815557;cp.machado.alcala@educa.madrid.org;-;Público;;;;;
Madrid-Sur;28001940;CP INF-PRI;BATALLA DE BRUNETE;Calle Del Escorial, 32 ;Brunete;-;28690;918158969;918159396;cp.batalladebrunet.brunete@educa.madrid.org;-;Público;;;;;
Madrid-Capital;28021331;CP INF-PRI;BRAVO MURILLO;Calle De Las Islas Cíes, 11 ;Madrid;Fuencarral-El Pardo;28035;917385793;917385793;cp.bravomurillo.madrid@educa.madrid.org;-;Público;;;;;
Madrid-Este;28002737;CP INF-PRI;CARLOS RUIZ;Calle Del Prado, 2 ;Estremera;-;28595;918721356;918721649;cp.carlosruiz.estremera@educa.madrid.org;-;Público;;;;;
Madrid-Capital;28020661;CP INF-PRI;CARLOS SAINZ DE LOS TERREROS;Calle De Cartama, 1 ;Madrid;Puente de Vallecas;28018;917783885;917774420;cp.carlossainz.madrid@educa.madrid.org;-;Público;;;;;
Madrid-Sur;28070706;CP INF-PRI;CHAVES NOGALES;Calle De Berlín C/v A C/ Atenas, S/n ;Alcorcón;-;28922;914983286;916890325;cp.chavesnogales.alcorcon@educa.madrid.org;-;Público;;;;;
Madrid-Este;28065565;CP INF-PRI;CONDE DUQUE DE OLIVARES;Plaza Duquesa De Alba, 3 ;Loeches;-;28890;918851321;918308513;cp.condeduquedeolivares.loeches@educa.madrid.org;-;Público;;;;;
Madrid-Capital;28039360;CP INF-PRI;EE.UU. DE AMERICA-HUARTE DE SAN JUAN;Paseo Del Comandante Fortea, 71 ;Madrid;Moncloa-Aravaca;28008;915418978;915594699;cp.eeuu.madrid@educa.madrid.org;-;Público;;;;;
Madrid-Este;28038461;CP INF-PRI;ENRIQUE TIERNO GALVAN;Avenida De Algorta, S/n ;San Fernando de Henares;-;28830;916736531;916738816;cp.tiernogalvan.sanfernando@educa.madrid.org;etiernogal@telefonica.net;Público;;;;;
Madrid-Este;28050380;CP INF-PRI;ESPARTALES;Calle Rosalia De Castro, 3 ;Alcalá de Henares;-;28806;918832651;918870815;cp.espartales.alcala@educa.madrid.org;cpno29@eresmas.com;Público;;;;;
Madrid-Oeste;28038458;CP INF-PRI;FERNANDO DE LOS RIOS;Avenida De España, 1 ;Rozas de Madrid, Las;-;28231;916393365;916346508;cp.fernandodelosrios.lasrozas@educa.madrid.org;-;Público;;;;;
Madrid-Capital;28021291;CP INF-PRI;FILOSOFO SENECA;Calle De Santa Adela, 21 ;Madrid;Hortaleza;28033;917638145;-;cp.seneca.madrid@educa.madrid.org;-;Público;;;;;
Madrid-Este;28024873;CP INF-PRI;GABRIEL Y GALAN;Calle Ronda Poniente, 5 ;Torrejón de Ardoz;-;28850;916756360;-;cp.gabrielygalan.torrejondeardoz@educa.madrid.org;-;Público;;;;;
Madrid-Capital;28037648;CP INF-PRI;GARCILASO DE LA VEGA;Calle De Trefacio, 18 ;Madrid;Hortaleza;28043;913882060;917161701;cp.garcilaso.madrid@educa.madrid.org;-;Público;;;;;
Madrid-Sur;28028131;CP INF-PRI;JESUS VARELA;Avenida De Portugal, 12 ;Alcorcón;-;28921;916190810;916110902;cp.jesusvarela.alcorcon@educa.madrid.org;usuario@correoweb.madrid.org  /  cp.jesusvarela.alcorcon@educa.madrid.org;Público;;;;;
Madrid-Este;28028751;CP INF-PRI;JUAN DE AUSTRIA;Avenida De Juan De Austria, 17 ;Alcalá de Henares;-;28804;918886350;918886350;cp.juandeaustria.alcala@educa.madrid.org;-;Público;;;;;
Madrid-Capital;28020533;CP INF-PRI;JUAN ZARAGUETA;Calle Vía De Los Poblados, 17 ;Madrid;Hortaleza;28033;917630869;917630869;cp.juanzaragueta.madrid@educa.madrid.org;-;Público;;;;;
Madrid-Capital;28006411;CP INF-PRI;LA ALAMEDA;Calle De Las Musas, 9 ;Madrid;San Blas-Canillejas;28022;917411453;-;cp.laalameda.madrid@educa.madrid.org;-;Público;;;;;
Madrid-Sur;28045301;CP INF-PRI;LA PALOMA;Calle De La Paloma, 45 ;Parla;-;28981;916996965;-;cp.lapaloma.parla@educa.madrid.org;-;Público;;;;;
Madrid-Oeste;28057064;CP INF-PRI;LAS VEREDAS;Camino De La Nava, S/n ;Colmenarejo;-;28270;918589271;918424719;cp.lasveredas.colmenarejo@educa.madrid.org;-;Público;;;;;
Madrid-Capital;28021367;CP INF-PRI;LUIS CERNUDA;Calle Del Carril Del Conde, 64 ;Madrid;Hortaleza;28043;913002732;913002732;cp.luiscernuda.madrid@educa.madrid.org;-;Público;;;;;
Madrid-Capital;28005741;CP INF-PRI;LUIS DE GONGORA;Calle De Sarriá, 49 ;Madrid;Fuencarral-El Pardo;28029;913860816;913768253;cp.gongora.madrid@educa.madrid.org;-;Público;;;;;
Madrid-Capital;28079436;CP INF-PRI;MARIA DE VILLOTA;Calle De Cañada Del Santísimo, 23 ;Madrid;Villa de Vallecas;28051;913053429;-;cp.mariadevillota.madrid@educa.madrid.org;-;Público;;;;;
Madrid-Sur;28037697;CP INF-PRI;MARIA MOLINER;Calle Reyes Católicos, 79 ;Parla;-;28982;916986433;916054006;cp.mariamoliner.parla@educa.madrid.org;-;Público;;;;;
Madrid-Sur;28073011;CP INF-PRI;MARIA MONTESSORI;Calle Del Pintor Velázquez, 62 ;Móstoles;-;28935;916147606;916147606;cp.montessori.mostoles@educa.madrid.org;-;Público;;;;;
Madrid-Norte;28032353;CP INF-PRI;MIGUEL HERNANDEZ;Calle De Segovia, 5 ;Alcobendas;-;28100;916532914;916638971;cp.miguelhernandez.alcobendas@educa.madrid.org;-;Público;;;;;
Madrid-Capital;28005945;CP INF-PRI;NUESTRA SEÑORA DE LA CONCEPCION;Calle De La Virgen Del Sagrario, 24 ;Madrid;Ciudad Lineal;28027;914040275;914047955;cp.concepcion.madrid@educa.madrid.org;cp.concepcion.madrid@madrid.org;Público;;;;;
Madrid-Sur;28025087;CP INF-PRI;NUESTRA SEÑORA DEL PILAR;Calle San Nicasio, 24 ;Torrejón de Velasco;-;28990;918161506;918161506;cp.pilar.torrejondevelasco@educa.madrid.org;-;Público;;;;;
Madrid-Norte;28001277;CP INF-PRI;OBISPO MOSCOSO;Calle Del Retamar, 18 ;Algete;-;28110;916290464;916280730;cp.obispomoscoso.algete@educa.madrid.org;cp.obispomoscoso.algete@educa.madrid.org;Público;;;;;
Madrid-Capital;28028416;CP INF-PRI;PASAMONTE;Avenida Del Doctor García Tapia, 47 ;Madrid;Moratalaz;28030;914305366;914376535;cp.pasamonte.madrid@educa.madrid.org;-;Público;;;;;
Madrid-Sur;28033977;CP INF-PRI;PIO BAROJA;Calle De Los Hermanos Machado, 3 ;Móstoles;-;28935;916175311;916180061;cp.piobaroja.mostoles@educa.madrid.org;cppiobaroja@cppiobaroja.com;Público;;;;;
Madrid-Capital;28021434;CP INF-PRI;PIO BAROJA;Calle De Luis De Hoyos Sáinz, 84 ;Madrid;Moratalaz;28030;917739618;917739618;cp.piobaroja.madrid@educa.madrid.org;-;Público;;;;;
Madrid-Oeste;28062345;CP INF-PRI;PRINCIPES DE ASTURIAS;Calle Virgen Del Rocio, S/n ;Quijorna;-;28693;918168664;918168197;cp.principesdeasturias.quijorna@educa.madrid.org;-;Público;;;;;
Madrid-Capital;28006101;CP INF-PRI;PUERTO RICO;Calle Del Segura, 74 ;Madrid;Usera;28041;913412726;913416960;cp.puertorico.madrid@educa.madrid.org;-;Público;;;;;
Madrid-Capital;28006135;CP INF-PRI;REGIMIENTO INMEMORIAL DEL REY;Avenida De Moratalaz, 51 ;Madrid;Moratalaz;28030;914390948;913282535;cp.regimiento.madrid@educa.madrid.org;-;Público;;;;;
Madrid-Capital;28006196;CP INF-PRI;REPUBLICA DEL URUGUAY;Avenida De Nuestra Señora De Valvanera, 120 ;Madrid;Latina;28047;914661360;914613919;cp.uruguay.madrid@educa.madrid.org;-;Público;;;;;
Madrid-Capital;28041767;CP INF-PRI;ROSA LUXEMBURGO;Calle Del Bardegueral, 16 ;Madrid;Moncloa-Aravaca;28023;913570212;913570661;cp.rosaluxemburgo.madrid@educa.madrid.org;-;Público;;;;;
Madrid-Este;28002543;CP INF-PRI;SAN ESTEBAN;Avenida De San Pablo, 29 ;Coslada;-;28823;916731330;-;cp.sanesteban.coslada@educa.madrid.org;amelia.angosto@madrid.org;Público;;;;;
Madrid-Sur;28025804;CP INF-PRI;SAN JOSE DE VALDERAS;Avenida Derechos Humanos, 6 ;Alcorcón;-;28924;916125212;916100027;cp.sanjosedevalderas.alcorcon@educa.madrid.org;-;Público;;;;;
Madrid-Norte;28058548;CP INF-PRI;SAN MIGUEL;Calle La Nevera, S/n ;Pedrezuela;-;28723;918434105;918433833;cp.sanmiguel.pedrezuela@educa.madrid.org;-;Público;;;;;
Madrid-Este;28063933;CP INF-PRI;SANTA LUCIA;Avenida De Tielmes, 20 ;Carabaña;-;28560;918723041;918723041;cp.santalucia.carabana@educa.madrid.org;pedro.hernandezgarcia@madrid.org;Público;;;;;
Madrid-Este;28033692;CP INF-PRI;SENECA;Calle De León Felipe, 1 ;Coslada;-;28822;916731561;916731561;cp.seneca.coslada@educa.madrid.org;-;Público;;;;;
Madrid-Este;28049626;CP INF-PRI;SERRACINES;Calle Romeral, 15 ;Fresno de Torote;-;28815;918791800;918791800;cp.serracines.fresno@educa.madrid.org;-;Público;;;;;
Madrid-Norte;28024629;CP INF-PRI;SILVIO ABAD;Calle Del Dos De Mayo, 2 ;San Sebastián de los Reyes;-;28703;916520221;916546166;cp.silvioabad.sansebastian@educa.madrid.org;cp.silvioabad.sansebastian@educa.madrid.org;Público;;;;;
Madrid-Norte;28030824;CP INF-PRI;VALDEPALITOS;Calle De La Constitución, 127 ;Alcobendas;-;28100;916536638;912293733;cp.valdepalitos.alcobendas@educa.madrid.org;-;Público;;;;;
Madrid-Oeste;28060816;CIMELPR PRSEC;PADRE ANTONIO SOLER;Calle Floridablanca, 3 ;San Lorenzo de El Escorial;-;28200;918903611;918905994;cim.sanlorenzo@educa.madrid.org;-;Público;;;;;
Madrid-Capital;28065711;CIMPR SEC;FEDERICO MORENO TORROBA;Calle Del General Ricardos, 177 ;Madrid;Carabanchel;28025;914698614;915650151;cim.morenotorroba.madrid@educa.madrid.org;-;Público;;;;;
Madrid-Capital;28066065;CREI;SAGRADO CORAZON DE JESUS;Calle Del General Ricardos, 179bi ;Madrid;Carabanchel;28025;914650640;914611395;crei.scorazon.madrid@educa.madrid.org;-;Público;;;;;
Madrid-Este;28057222;IES;ADOLFO SUAREZ;Paseo Del Radar, 33 ;Paracuellos de Jarama;-;28860;916581899;916580437;ies.adolfosuarez.paracuellos@educa.madrid.org;-;Público;;;;;
Madrid-Sur;28077907;IES;AFRICA;Calle Portugal, 41 ;Fuenlabrada;-;28943;916073584;916085507;ies.africa.fuenlabrada@educa.madrid.org;-;Público;;;;;
Madrid-Norte;28041354;IES;AGORA;Calle Manuel De Falla, 54-56 ;Alcobendas;-;28100;916515700;916548684;ies.agora.alcobendas@educa.madrid.org;-;Público;;;;;
Madrid-Capital;28033539;IES;ALAMEDA DE OSUNA;Calle De Antonio Sancha, 11 ;Madrid;Barajas;28042;912761560;913291525;ies.alamedadeosuna.madrid@educa.madrid.org;-;Público;;;;;
Madrid-Norte;28040660;IES;ALDEBARAN;Avenida De Valdelaparra, 90 ;Alcobendas;-;28108;916618085;916618238;ies.aldebaran.alcobendas@educa.madrid.org;-;Público;;;;;
Madrid-Sur;28050537;IES;ALFONSO MORENO;Calle Estudiantes, 3 ;Brunete;-;28690;918158371;918158399;ies.alfonsomoreno.brunete@educa.madrid.org;-;Público;;;;;
Madrid-Capital;28076368;IES;ALFREDO KRAUS;Avenida De Guadalajara, 126 ;Madrid;San Blas-Canillejas;28022;912760100;917031659;ies.alfredokraus.madrid@educa.madrid.org;-;Público;;;;;
Madrid-Este;28039682;IES;ALKALA-NAHAR;Calle Ávila, 1 ;Alcalá de Henares;-;28804;918819311;-;ies.alkalanahar.alcala@educa.madrid.org;-;Público;;;;;
Madrid-Este;28000467;IES;ALONSO DE AVELLANEDA;Calle Vitoria, 3 ;Alcalá de Henares;-;28804;918881174;918883402;ies.alonsodeavellan.alcala@educa.madrid.org;-;Público;;;;;
Madrid-Este;28035305;IES;ALONSO QUIJANO;Paseo De Las Moreras, 1 ;Alcalá de Henares;-;28803;918821411;-;ies.alonsoquijano.alcala@educa.madrid.org;-;Público;;;;;
Madrid-Sur;28039037;IES;ALPAJES;Calle De Las Moreras, 28 ;Aranjuez;-;28300;918920298;918920522;ies.alpajes.aranjuez@educa.madrid.org;-;Público;;;;;
Madrid-Norte;28040611;IES;AL-SATT;Avenida De Europa, S/n ;Algete;-;28110;916282412;916282636;ies.alsatt.algete@educa.madrid.org;-;Público;;;;;
Madrid-Norte;28025129;IES;ALTO JARAMA;Calle Caja Ahorros Y Monte De Piedad, 13 ;Torrelaguna;-;28180;918485654;918430864;ies.altojarama.torrelaguna@educa.madrid.org;-;Público;;;;;
Madrid-Capital;28079370;IES;ANA FRANK;Calle Del Arroyo De Pozuelo ;Madrid;Moncloa-Aravaca;28023;638218736;-;ies.anafrank.madrid@educa.madrid.org;-;Público;;;;;
Madrid-Este;28057209;IES;ANA MARIA MATUTE;Calle Olivar, 14 ;Velilla de San Antonio;-;28891;916608987;916551596;ies.anammatute.velilla@educa.madrid.org;-;Público;;;;;
Madrid-Norte;28036991;IES;ANGEL CORELLA;Calle Del Pradillo, 3 ;Colmenar Viejo;-;28770;918455650;918463022;ies.angelcorella.colmenarviejo@educa.madrid.org;-;Público;;;;;
Madrid-Este;28044768;IES;ANSELMO LORENZO;Avenida Abogados De Atocha, 4 ;San Martín de la Vega;-;28330;918087800;918958064;ies.anselmolorenzo.sanmartindelavega@educa.madrid.org;-;Público;;;;;
Madrid-Este;28064007;IES;ANTARES;Calle Fernando Trueba, 10 ;Rivas-Vaciamadrid;-;28521;914996934;914996936;ies.antares.rivas@educa.madrid.org;-;Público;;;;;
Madrid-Capital;28037031;IES;ANTONIO DOMINGUEZ ORTIZ;Calle De Los Andaluces, 36 ;Madrid;Puente de Vallecas;28038;913033235;913808187;ies.antoniodomingue.madrid@educa.madrid.org;-;Público;;;;;
Madrid-Capital;28078559;IES;ANTONIO FRAGUAS FORGES;Calle Leganés, 20 ;Madrid;Arganzuela;28045;918175930;911911472;ies.forges.madrid@educa.madrid.org;-;Público;;;;;
Madrid-Este;28041391;IES;ANTONIO GAUDI;Calle Del Júcar, 1 ;Coslada;-;28823;916733314;916733427;ies.antoniogaudi.coslada@educa.madrid.org;-;Público;;;;;
Madrid-Este;28000522;IES;ANTONIO MACHADO;Calle Alalpardo, S/n ;Alcalá de Henares;-;28806;918892450;918883916;ies.machado.alcala@educa.madrid.org;-;Público;;;;;
Madrid-Capital;28018460;IES;ARCIPRESTE DE HITA;Ronda Sur, 6 ;Madrid;Puente de Vallecas;28053;917858510;915073457;ies.arciprestedehita.madrid@educa.madrid.org;-;Público;;;;;
Madrid-Este;28028301;IES;ARQUITECTO PEDRO GUMIEL;Calle Loeches, 1 ;Alcalá de Henares;-;28806;918898162;-;ies.arquitectopedro.alcala@educa.madrid.org;-;Público;;;;;
Madrid-Capital;28030575;IES;ARTURO SORIA;Calle De Somontín, 59 ;Madrid;Hortaleza;28033;913028445;917668081;ies.arturosoria.madrid@educa.madrid.org;-;Público;;;;;
Madrid-Norte;28058639;IES;ATENEA;Plaza Santiago De Chuco, 1 ;San Sebastián de los Reyes;-;28702;916590934;91-6513469;ies.atenea.sansebastian@educa.madrid.org;-;Público;;;;;
Madrid-Este;28046091;IES;ATENEA;Calle Río Arlanza, 34 ;Alcalá de Henares;-;28803;918788896;918789214;ies.atenea.alcala@educa.madrid.org;-;Público;;;;;
Madrid-Capital;28028428;IES;AVENIDA DE LOS TOREROS;Avenida De Los Toreros, 57 ;Madrid;Salamanca;28028;913552326;913561205;ies.avenidadelostor.madrid@educa.madrid.org;-;Público;;;;;
Madrid-Sur;28058664;IES;BARRIO LORANCA;Calle De Federica Montseny, 2 ;Fuenlabrada;-;28942;916047233;916046650;ies.barrioloranca.fuenlabrada@educa.madrid.org;-;Público;;;;;
Madrid-Capital;28020201;IES;BARRIO SIMANCAS;Calle De Zaratán, 6 ;Madrid;San Blas-Canillejas;28037;913041570;917545083;ies.barriosimancas.madrid@educa.madrid.org;-;Público;;;;;
Madrid-Capital;28020892;IES;BEATRIZ GALINDO;Calle De Goya, 10 ;Madrid;Salamanca;28001;914314814;915760637;ies.beatrizgalindo.madrid@educa.madrid.org;-;Público;;;;;
Madrid-Capital;28080037;IES;BLANCA FERNANDEZ OCHOA;Calle De Monasterio De El Paular, 3 ;Madrid;Fuencarral-El Pardo;28049;919137048;-;ies.blancafdezochoa.madrid@educa.madrid.org;-;Público;;;;;
Madrid-Capital;28030927;IES;BLAS DE OTERO;Calle De Maqueda, 130 ;Madrid;Latina;28024;917191511;917176845;ies.blasdeotero.madrid@educa.madrid.org;-;Público;;;;;
Madrid-Sur;28067628;IES;CALDERON DE LA BARCA;Calle Francisco Bores, 3 ;Pinto;-;28320;916706645;916706938;ies.calderon.pinto@educa.madrid.org;-;Público;;;;;no
Madrid-Capital;28020961;IES;CALDERON DE LA BARCA;Calle De Antonio De Leyva, 84 ;Madrid;Carabanchel;28019;915608300;915650795;ies.calderondelabar.madrid@educa.madrid.org;-;Público;;;;;
Madrid-Este;28065841;IES;CAMPO REAL;Avenida De La Circunvalación, 3 ;Campo Real;-;28510;918765070;-;ies.camporeal@educa.madrid.org;-;Público;;;;;
Madrid-Este;28039670;IES;CARDENAL CISNEROS;Calle Cardenal Sandoval Y Rojas, 1 ;Alcalá de Henares;-;28802;918817263;-;ies.cardenalcisneros.alcala@educa.madrid.org;-;Público;;;;;
Madrid-Capital;28020934;IES;CARDENAL CISNEROS;Calle De Los Reyes, 4 ;Madrid;Centro;28015;915224869;915216372;ies.cardenalcisneros.madrid@educa.madrid.org;secretaria.ies.cardenalcisneros.madrid@educa.madrid.org;Público;;;;;
Madrid-Capital;28020855;IES;CARDENAL HERRERA ORIA;Calle De Fermín Caballero, 68 ;Madrid;Fuencarral-El Pardo;28034;913781940;917385794;ies.cardenalherrera.madrid@educa.madrid.org;-;Público;;;;;
Madrid-Capital;28020557;IES;CARLOS III;Calle De Arcos De Jalón, 116 ;Madrid;San Blas-Canillejas;28037;913064069;913135164;ies.carlostercero.madrid@educa.madrid.org;-;Público;;;;;
Madrid-Sur;28023327;IES;CARMEN MARTIN GAITE;Carretera De Cadalso De Los Vidrios, S/n ;Navalcarnero;-;28600;918110565;918113761;ies.carmenmartingai.navalcarnero@educa.madrid.org;-;Público;;;;;
Madrid-Este;28040684;IES;CARPE DIEM;Calle Álvarez Laviada, 3 ;Chinchón;-;28370;918940214;918935138;ies.carpediem.chinchon@educa.madrid.org;-;Público;;;;;
Madrid-Sur;28070962;IES;CARPE DIEM;Avenida De Nuevo Versalles, 6 Bis ;Fuenlabrada;-;28942;916045283;914869609;ies.carpediem.fuenlabrada@educa.madrid.org;-;Público;;;;;
Madrid-Capital;28030174;IES;CELESTINO MUTIS;Calle De Huerta De Villaverde, 15 ;Madrid;Villaverde;28021;917954006;915053829;ies.celestinomutis.madrid@educa.madrid.org;-;Público;;;;;
Madrid-Capital;28004059;IES;CERVANTES;Calle De Embajadores, 70 ;Madrid;Centro;28012;915285061;915276281;ies.cervantes.madrid@educa.madrid.org;-;Público;;;;;
Madrid-Capital;28032481;IES;CIUDAD DE JAEN;Camino Del Río, 5 ;Madrid;Usera;28041;913173000;-;ies.ciudaddejaen.madrid@educa.madrid.org;-;Público;;;;;
Madrid-Capital;28037016;IES;CIUDAD DE LOS ÁNGELES;Calle De Anoeta, 16 ;Madrid;Villaverde;28041;917962228;915053762;ies.ciudaddelosangeles.madrid@educa.madrid.org;-;Público;;;;;
Madrid-Capital;28030149;IES;CIUDAD DE LOS POETAS;Calle De Valdesangil, 25 ;Madrid;Moncloa-Aravaca;28039;913736900;913168855;ies.ciudaddelospoetas.madrid@educa.madrid.org;-;Público;;;;;
Madrid-Este;28000364;IES;COMPLUTENSE;Calle Valladolid, 1 ;Alcalá de Henares;-;28804;918880169;918828091;ies.complutense.alcala@educa.madrid.org;-;Público;;;;;
Madrid-Capital;28020545;IES;CONDE DE ORGAZ;Calle De Nápoles, 56 ;Madrid;Hortaleza;28043;913884579;913886113;ies.condedeorgaz.madrid@educa.madrid.org;-;Público;;;;;
Madrid-Norte;28071310;IES;CORTES DE CADIZ;Calle Doctores El Molar, S/n ;Molar, El;-;28710;918412904;918440351;ies.cortesdecadiz.elmolar@educa.madrid.org;-;Público;;;;;
Madrid-Capital;28030186;IES;DAMASO ALONSO;Calle De Alfredo Marquerie, 21 ;Madrid;Fuencarral-El Pardo;28034;917388675;917390683;ies.damasoalonso.madrid@educa.madrid.org;-;Público;;;;;
Madrid-Norte;28041381;IES;DE LA CABRERA;Calle De Las Azucenas, 12 ;Cabrera, La;-;28751;918688411;918688437;ies.lacabrera@educa.madrid.org;-;Público;;;;;
Madrid-Sur;28028374;IES;DIONISIO AGUADO;Calle De Italia, 14 ;Fuenlabrada;-;28943;916076232;916083230;ies.dionisioaguado.fuenlabrada@educa.madrid.org;-;Público;;;;;
Madrid-Este;28044744;IES;DOCTOR MARAÑON;Calle Alejo Carpentier, 1 ;Alcalá de Henares;-;28806;918788137;918826047;ies.maranon.alcala@educa.madrid.org;-;Público;;;;;
Madrid-Sur;28042051;IES;DOLORES IBARRURI;Calle De Los Arados, 9 ;Fuenlabrada;-;28944;916062181;916159272;ies.doloresibarruri.fuenlabrada@educa.madrid.org;-;Público;;;;;
Madrid-Sur;28001629;IES;DOMENICO SCARLATTI;Calle De Valeras, 22 ;Aranjuez;-;28300;918910057;918923723;ies.domenicoscarlat.aranjuez@educa.madrid.org;-;Público;;;;;
Madrid-Este;28060397;IES;DON PELAYO;Calle Joaquín Sorolla, S/n ;Villalbilla;-;28810;918793960;-;ies.donpelayo.villalbilla@educa.madrid.org;-;Público;;;;;
Madrid-Este;28044756;IES;DUQUE DE RIVAS;Paseo De La Chopera, 64 ;Rivas-Vaciamadrid;-;28523;916665259;916668388;ies.duquederivas.rivas@educa.madrid.org;-;Público;;;;;
Madrid-Este;28082630;IES;EDUARDO CAPA;Avenida De Dublín, S/n ;Arganda del Rey;-;28500;914127496;-;ies.eduardocapa.arganda@educa.madrid.org;-;Público;;;;;
Madrid-Capital;28020739;IES;EIJO Y GARAY;Calle De Severino Aznar Embid, 6-8 ;Madrid;Latina;28011;914632441;915262826;ies.eijogaray.madrid@educa.madrid.org;-;Público;;;;;
Madrid-Oeste;28082307;IES;EL BOALO;Calle Manzanares El Real, 10 ;Boalo, El;-;28411;918559382;-;ies.elboalo@educa.madrid.org;-;Público;;50;;;no
Madrid-Este;28001769;IES;EL CARRASCAL;Avenida Del Instituto, S/n ;Arganda del Rey;-;28500;918760082;918701851;ies.elcarrascal.arganda@educa.madrid.org;-;Público;;;;;
Madrid-Capital;28013899;IES;EL ESPINILLO ;Calle De La Unanimidad, 15 ;Madrid;Villaverde;28041;917239150;917239151;ies.elespinillo.madrid@educa.madrid.org;-;Público;;;;;
Madrid-Sur;28044720;IES;EL OLIVO;Calle Felipe Ii, 11 ;Parla;-;28982;916055311;916055310;ies.elolivo.parla@educa.madrid.org;-;Público;;;;;no
Madrid-Capital;28018435;IES;EMILIO CASTELAR;Calle De Río De Oro, 4 ;Madrid;Carabanchel;28019;914713243;914729058;ies.emiliocastelar.madrid@educa.madrid.org;-;Público;;;;;
Madrid-Capital;28020958;IES;EMPERATRIZ MARIA DE AUSTRIA;Calle De Antonio De Leyva, 84 ;Madrid;Carabanchel;28019;914692425;915650794;ies.emperatrizmaria.madrid@educa.madrid.org;-;Público;;;;;
Madrid-Sur;28032559;IES;ENRIQUE TIERNO GALVAN;Avenida Juan Carlos I, 12 ;Parla;-;28981;916981111;916981161;ies.tiernogalvan.parla@educa.madrid.org;-;Público;;;;;no
Madrid-Capital;28020703;IES;ENRIQUE TIERNO GALVAN;Avenida De Andalucía, 6,200 ;Madrid;Usera;28041;913171972;913173529;ies.tiernogalvan.madrid@educa.madrid.org;-;Público;;;;;
Madrid-Este;28046522;IES;EUROPA;Avenida Cerro Del Telégrafo, 2 ;Rivas-Vaciamadrid;-;28522;916702756;-;ies.europa.rivas@educa.madrid.org;-;Público;;;;;
Madrid-Capital;28025828;IES;FELIPE II;Calle De Valdebernardo, 1 ;Madrid;Moratalaz;28030;917731854;913713016;ies.felipesegundo.madrid@educa.madrid.org;-;Público;;;;;
Madrid-Capital;28030137;IES;FORTUNY;Calle De Fortuny, 24 ;Madrid;Chamberí;28010;913101839;913087018;ies.fortuny.madrid@educa.madrid.org;-;Público;;;;;
Madrid-Este;28079394;IES;FRANCISCA DE PEDRAZA;Avenida De Europa C/v Calle Jesus Guridi ;Alcalá de Henares;-;28806;676323323;-;ies.franciscadepedraza.alcala@educa.madrid.org;-;Público;;;;;
Madrid-Capital;28074918;IES;FRANCISCO AYALA;Calle Del Jacobeo, 33 ;Madrid;Carabanchel;28054;915116804;915080647;ies.franciscoayala.madrid@educa.madrid.org;-;Público;;;;;
Madrid-Capital;28045633;IES;FRANCISCO DE GOYA;Calle De Santa Irene, 4 ;Madrid;Ciudad Lineal;28017;914051101;914051597;ies.goya.madrid@educa.madrid.org;-;Público;;;;;
Madrid-Capital;28044902;IES;FRANCISCO DE QUEVEDO;Calle De San Román Del Valle, S/n ;Madrid;San Blas-Canillejas;28037;913065604;913065606;ies.quevedo.madrid@educa.madrid.org;iesquevedo@gmail.com;Público;;;;;
Madrid-Norte;28000753;IES;FRANCISCO GINER DE LOS RIOS;Avenida De La Transición Española, 11 ;Alcobendas;-;28108;916525466;916511164;ies.ginerdelosrios.alcobendas@educa.madrid.org;-;Público;;;;;
Madrid-Sur;28062035;IES;FRANCISCO UMBRAL;Avenida De La Hispanidad, S/n ;Ciempozuelos;-;28350;918092810;918092927;ies.franciscoumbral.ciempozuelos@educa.madrid.org;-;Público;;;;;
Madrid-Capital;28039888;IES;GABRIEL GARCIA MARQUEZ;Calle Del Nevado Del Ruiz, 1 ;Madrid;Hortaleza;28033;913812820;913816423;ies.garciamarquez.madrid@educa.madrid.org;-;Público;;;;;
Madrid-Sur;28050525;IES;GABRIELA MISTRAL;Calle Miguel De Cervantes, 104 ;Arroyomolinos;-;28939;916899054;916897713;ies.gabrielamistral.arroyomolinos@educa.madrid.org;-;Público;;;;;
Madrid-Capital;28021550;IES;GARCIA MORATO;Calle Del General Saliquet, 34 ;Madrid;Latina;28044;917056300;917066145;ies.garciamorato.madrid@educa.madrid.org;-;Público;;;;;
Madrid-Sur;28033850;IES;GASPAR MELCHOR DE JOVELLANOS;Calle De Móstoles, 64 ;Fuenlabrada;-;28941;916971565;-;ies.jovellanos.fuenlabrada@educa.madrid.org;-;Público;;;;;
Madrid-Este;28057210;IES;GASPAR SANZ;Calle Del Acueducto, 3 ;Meco;-;28880;918877200;918876962;ies.gasparsanz.meco@educa.madrid.org;-;Público;;;;;
Madrid-Norte;28078043;IES;GLORIA FUERTES;Avenida Pablo Iglesias Esquina Con C/ Gloria Fuertes ;Alcobendas;-;28100;914900071;-;ies.gloriafuertes.alcobendas@educa.madrid.org;-;Público;;;;;
Madrid-Capital;28020582;IES;GÓMEZ MORENO;Avenida De Hellín, 5 ;Madrid;San Blas-Canillejas;28037;913209142;913203095;ies.gomezmoreno.madrid@educa.madrid.org;-;Público;;;;;
Madrid-Sur;28074049;IES;GONZALO CHACON;Avenida De Francia, 165 ;Arroyomolinos;-;28939;912649246;912649255;ies.gonzalochacon.arroyomolinos@educa.madrid.org;-;Público;;;;;
Madrid-Norte;28028611;IES;GONZALO TORRENTE BALLESTER;Avenida De Aragón, 12 ;San Sebastián de los Reyes;-;28702;916526533;916522071;ies.torrenteballest.sansebastian@educa.madrid.org;-;Público;;;;;
Madrid-Capital;28021562;IES;GRAN CAPITÁN;Paseo De Los Melancólicos, 51 ;Madrid;Arganzuela;28005;913659190;913540091;ies.grancapitan.madrid@educa.madrid.org;-;Público;;;;;
Madrid-Este;28039724;IES;GRANDE COVIAN;Camino Del Molino, 8 ;Arganda del Rey;-;28500;918700363;918700453;ies.grandecovian.arganda@educa.madrid.org;-;Público;;;;;
Madrid-Capital;28020119;IES;GREGORIO MARAÑON;Avenida De El Ferrol, 43 ;Madrid;Fuencarral-El Pardo;28029;917310421;-;ies.gregoriomaranon.madrid@educa.madrid.org;-;Público;;;;;
Madrid-Norte;28040672;IES;GUSTAVO ADOLFO BECQUER;Avenida De Europa, S/n ;Algete;-;28110;916291601;916281489;ies.becquer.algete@educa.madrid.org;-;Público;;;;;
Madrid-Sur;28045803;IES;HUMANES;Avenida De Los Deportes, 12 ;Humanes de Madrid;-;28970;914982020;914982011;ies.humanes.humanes@educa.madrid.org;-;Público;;;;;
Madrid-Este;28042000;IES;IGNACIO ELLACURIA;Calle Senda Perdida, S/n ;Alcalá de Henares;-;28805;918823430;918825565;ies.ignacioellacuria.alcala@educa.madrid.org;-;Público;;;;;
Madrid-Capital;28038823;IES;ISAAC NEWTON;Calle De Joaquín Lorenzo, 2 ;Madrid;Fuencarral-El Pardo;28035;913732052;913732177;ies.newton.madrid@educa.madrid.org;-;Público;;;;;
Madrid-Este;28025014;IES;ISAAC PERAL;Calle Plata, 78 ;Torrejón de Ardoz;-;28850;916756936;916563524;ies.isaacperal.torrejondeardoz@educa.madrid.org;-;Público;;;;;
Madrid-Capital;28020909;IES;ISABEL LA CATOLICA;Calle De Alfonso Xii, 3 ;Madrid;Retiro;28014;915277878;915302294;ies.isabellacatolica.madrid@educa.madrid.org;-;Público;;;;;
Madrid-Este;28080517;IES;ISIDRA DE GUZMAN;Calle Gardenia, 29 ;Alcalá de Henares;-;28803;918808462;-;ies.isidradeguzman.alcala@educa.madrid.org;-;Público;;;;;
Madrid-Capital;28040741;IES;ITURRALDE;Calle De Nuestra Señora De La Luz, 53 ;Madrid;Latina;28047;914626822;914627744;ies.iturralde.madrid@educa.madrid.org;-;Público;;;;;
Madrid-Este;28038616;IES;JAIME FERRAN CLUA;Avenida Jean Paul Sartre, S/n ;San Fernando de Henares;-;28830;916723539;916698517;ies.jaimeferran.sanfernando@educa.madrid.org;-;Público;;;;;
Madrid-Capital;28028477;IES;JAIME VERA;Calle De La Infanta Mercedes, 47 ;Madrid;Tetuán;28020;915700250;915715023;ies.jaimevera.madrid@educa.madrid.org;-;Público;;;;;
Madrid-Capital;28079357;IES;JANE GOODALL;Calle De Deyanira, S/n ;Madrid;San Blas-Canillejas;28022;917011351;-;ies.janegoodall.madrid@educa.madrid.org;-;Público;;;;;
Madrid-Sur;28069844;IES;JIMENA MENENDEZ PIDAL;Camino Del Molino, 3 ;Fuenlabrada;-;28942;914869491;914863230;ies.jimenamenendezpidal.fuenlabrada@educa.madrid.org;-;Público;;;;;
Madrid-Norte;28024642;IES;JOAN MIRO;Calle De La Isla De La Palma, 31 ;San Sebastián de los Reyes;-;28703;916527002;916548869;ies.joanmiro.sansebastian@educa.madrid.org;-;Público;;;;;
Madrid-Sur;28042048;IES;JOAQUIN ARAUJO;Calle De La Fuente, 36 ;Fuenlabrada;-;28944;916000315;917031884;ies.joaquinaraujo.fuenlabrada@educa.madrid.org;joaquina@centros5.pntic.mec.es;Público;;;;;
Madrid-Capital;28037041;IES;JOAQUÍN RODRIGO;Calle De Casalarreina, 28 ;Madrid;Vicálvaro;28032;917762262;917762393;ies.joaquinrodrigo.madrid@educa.madrid.org;-;Público;;;;;
Madrid-Capital;28018903;IES;JOAQUÍN TURINA;Calle De Guzmán El Bueno, 92 ;Madrid;Chamberí;28003;915539625;915336253;ies.joaquinturina.madrid@educa.madrid.org;-;Público;;;;;
Madrid-Norte;28001678;IES;JORGE MANRIQUE;Calle Del Mar Adriático, 2 ;Tres Cantos;-;28760;918040964;918046515;ies.jorgemanrique.trescantos@educa.madrid.org;-;Público;;;;;
Madrid-Sur;28074050;IES;JOSE LUIS LOPEZ ARANGUREN;Calle De Colombia, 28-30 ;Fuenlabrada;-;28945;916976614;911911223;ies.lopezaranguren.fuenlabrada@educa.madrid.org;-;Público;;;;;
Madrid-Norte;28035317;IES;JOSE LUIS SAMPEDRO;Avenida De La Vega, S/n ;Tres Cantos;-;28760;918031142;918034126;ies.sampedro.trescantos@educa.madrid.org;-;Público;;;;;
Madrid-Sur;28080025;IES;JOSE PEDRO PEREZ LLORCA;Calle Planeta Mercurio, S/n ;Parla;-;28983;914127381;-;ies.josepedroperezllorca.parla@educa.madrid.org;-;Público;;;;;no
Madrid-Este;28058627;IES;JOSE SARAMAGO;Camino De Valdearganda, 8 ;Arganda del Rey;-;28500;918757890;918712127;ies.josesaramago.arganda@educa.madrid.org;-;Público;;;;;
Madrid-Este;28079400;IES;JUAN BAUTISTA MONEGRO;Avenida Salvador Dalí, 7 ;Torrejón de Ardoz;-;28850;912723413;-;ies.juanbautistamonegro.torrejondeardoz@educa.madrid.org;-;Público;;;;;
Madrid-Sur;28002181;IES;JUAN CARLOS I;Calle De San Francisco, S/n ;Ciempozuelos;-;28350;918930158;918933080;ies.juancarlosprimero.ciempozuelos@educa.madrid.org;-;Público;;;;;
Madrid-Capital;28020910;IES;JUAN DE LA CIERVA;Calle De La Caoba, 1 ;Madrid;Arganzuela;28005;915064610;914670167;ies.juandelacierva.madrid@educa.madrid.org;-;Público;;;;;
Madrid-Norte;28043028;IES;JUAN DE MAIRENA;Pasaje La Viña, 3 ;San Sebastián de los Reyes;-;28701;916518199;-;ies.juandemairena.sansebastian@educa.madrid.org;-;Público;;;;;
Madrid-Capital;28035330;IES;JUAN DE VILLANUEVA;Calle Del Camino Viejo De Villaverde, 28 ;Madrid;Usera;28041;913416343;913417819;ies.juandevillanuev.madrid@educa.madrid.org;-;Público;;;;;
Madrid-Sur;28074670;IES;JUAN GRIS;Avenida De La O.n.u., 85-87 ;Móstoles;-;28936;916460176;916465994;ies.juangris.mostoles@educa.madrid.org;-;Público;;;;;no
Madrid-Capital;28076371;IES;JUAN RAMON JIMÉNEZ;Calle De La Estefanita, 15 ;Madrid;Villaverde;28021;912761508;-;ies.juanramonjimenez.madrid@educa.madrid.org;-;Público;;;;;
Madrid-Capital;28041433;IES;JUANA DE CASTILLA;Calle De Valdebernardo, 3 ;Madrid;Moratalaz;28030;917726666;913710669;ies.juanadecastilla.madrid@educa.madrid.org;-;Público;;;;;
Madrid-Sur;28039797;IES;JULIO CARO BAROJA;Calle De La Habana, 2 ;Fuenlabrada;-;28945;916060313;916159910;ies.carobaroja.fuenlabrada@educa.madrid.org;-;Público;;;;;
Madrid-Norte;28040799;IES;JULIO PALACIOS;Avenida Del Moscatelar, 19 ;San Sebastián de los Reyes;-;28703;916524999;916520194;ies.juliopalacios.sansebastian@educa.madrid.org;-;Público;;;;;
Madrid-Capital;28028453;IES;LA ESTRELLA;Calle De La Estrella Polar, 10 ;Madrid;Retiro;28007;914095211;914097680;ies.laestrella.madrid@educa.madrid.org;-;Público;;;;;
Madrid-Sur;28041482;IES;LA LAGUNA;Camino Del Salmoral, S/n ;Parla;-;28981;916051520;916051862;ies.lalaguna.parla@educa.madrid.org;-;Público;;;;;no
Madrid-Este;28036981;IES;LA POVEDA;Calle Monte Potrero, S/n ;Arganda del Rey;-;28500;918715312;918704123;ies.lapoveda.arganda@educa.madrid.org;-;Público;;;;;
Madrid-Sur;28038860;IES;LA SERNA;Calle De Zaragoza, 8 ;Fuenlabrada;-;28941;916062508;916974533;ies.laserna.fuenlabrada@educa.madrid.org;-;Público;;;;;
Madrid-Sur;28057180;IES;LAS AMERICAS;Calle Felipe Ii, 13 ;Parla;-;28982;916986908;916981923;ies.lasamericas.parla@educa.madrid.org;-;Público;;;;;no
Madrid-Este;28041494;IES;LAS LAGUNAS;Avenida De Gabriel García Márquez, S/n ;Rivas-Vaciamadrid;-;28523;916660003;916669082;ies.laslagunas.rivas@educa.madrid.org;-;Público;;;;;
Madrid-Capital;28030976;IES;LAS MUSAS;Calle De Carlos Ii, S/n ;Madrid;San Blas-Canillejas;28022;913065946;913240028;ies.lasmusas.madrid@educa.madrid.org;-;Público;;;;;
Madrid-Este;28025026;IES;LAS VEREDILLAS;Calle Lisboa, 53 ;Torrejón de Ardoz;-;28850;916753049;916753198;ies.lasveredillas.torrejondeardoz@educa.madrid.org;-;Público;;;;;
Madrid-Este;28060373;IES;LAZARO CARRETER;Calle Pio Baroja, 7 ;Alcalá de Henares;-;28806;918770290;918833019;ies.lazarocarreter.alcala@educa.madrid.org;-;Público;;;;;
Madrid-Este;28030228;IES;LEON FELIPE;Calle San Fernando, S/n ;Torrejón de Ardoz;-;28850;916768112;916765566;ies.leonfelipe.torrejondeardoz@educa.madrid.org;-;Público;;;;;
Madrid-Capital;28019889;IES;LOPE DE VEGA;Calle De San Bernardo, 70 ;Madrid;Centro;28015;915321362;915320248;ies.lopedevega.madrid@educa.madrid.org;-;Público;;;;;
Madrid-Este;28045025;IES;LOS OLIVOS;Calle De Joan Miró, 1 ;Mejorada del Campo;-;28840;916794920;916681156;ies.losolivos.mejorada@educa.madrid.org;info@ieslosolivosmejorada.es;Público;;;;;
Madrid-Sur;28039992;IES;LOS ROSALES;Calle Tulipán, 4 ;Móstoles;-;28933;916146212;-;ies.losrosales.mostoles@educa.madrid.org;-;Público;;;;;no
Madrid-Este;28040027;IES;LUIS DE GONGORA;Calle Río, S/n ;Torrejón de Ardoz;-;28850;916487638;916568738;ies.gongora.torrejondeardoz@educa.madrid.org;-;Público;;;;;
Madrid-Norte;28064044;IES;LUIS GARCIA BERLANGA;Camino De Chozas, S/n ;Guadalix de la Sierra;-;28794;918470636;-;ies.luisgarciaberlanga.guadalix@educa.madrid.org;-;Público;;;;;
Madrid-Este;28044318;IES;LUIS GARCIA BERLANGA;Calle De La Virgen Del Mar, S/n ;Coslada;-;28821;916695610;916735613;ies.garciaberlanga.coslada@educa.madrid.org;-;Público;;;;;
Madrid-Capital;28045840;IES;MADRID-SUR;Avenida Del Parque De Palomeras Bajas, S/n ;Madrid;Puente de Vallecas;28018;917850181;917860146;ies.madridsur.madrid@educa.madrid.org;-;Público;;;;;
Madrid-Sur;28062023;IES;MAESTRO MATIAS BRAVO;Avenida Del Mar Egeo, S/n ;Valdemoro;-;28341;918018044;918087061;ies.maestromatiasbravo.valdemoro@educa.madrid.org;-;Público;;;;;no
Madrid-Capital;28077889;IES;MALALA YOUSAFZAI;Calle De La Sierra De Atapuerca, 5 ;Madrid;Fuencarral-El Pardo;28050;916533100;-;ies.malalayousafzai.madrid@educa.madrid.org;-;Público;;;;;
Madrid-Sur;28028568;IES;MANUEL DE FALLA;Avenida Olímpica, 16 ;Móstoles;-;28935;916171074;916183941;ies.manueldefalla.mostoles@educa.madrid.org;-;Público;;;;;no
Madrid-Este;28045037;IES;MANUEL DE FALLA;Avenida De Manuel Azaña, 32 ;Coslada;-;28822;916691182;916691492;ies.manueldefalla.coslada@educa.madrid.org;-;Público;;;;;
Madrid-Sur;28038902;IES;MANUEL ELKIN PATARROYO;Camino De La Cantueña, S/n ;Parla;-;28982;916986111;916054219;ies.manuelelkinpatarroyo.parla@educa.madrid.org;-;Público;;;;;no
Madrid-Capital;28073859;IES;MANUEL FRAGA IRIBARNE;Avenida De Niceto Alcalá Zamora, 54 ;Madrid;Hortaleza;28050;912761503;912749994;ies.manuelfragairibarne.madrid@educa.madrid.org;-;Público;;;;;
Madrid-Sur;28033552;IES;MANUELA MALASAÑA;Calle Del Desarrollo, 50 ;Móstoles;-;28938;916453978;916470059;ies.malasana.mostoles@educa.madrid.org;-;Público;;;;;no
Madrid-Este;28046285;IES;MARCELA DE ULLOA;Calle Madrid, 25 ;Colmenar de Oreja;-;28380;918089298;918089208;ies.marceladeulloa.colmenardeorejaa@educa.madrid.org;-;Público;;;;;
Madrid-Capital;28038801;IES;MARIA DE MOLINA;Calle De Mirabel, 22 ;Madrid;Latina;28044;917054289;917054611;ies.mariademolina.madrid@educa.madrid.org;-;Público;;;;;
Madrid-Capital;28080967;IES;MARIA GOYRI GOYRI;Calle De Los Ganados Del Salobral, 5 ;Madrid;Villaverde;28021;919138754;-;ies.mariagoyrigoyri.madrid@educa.madrid.org;-;Público;;;;;
Madrid-Este;28028350;IES;MARIA MOLINER;Avenida De España, 115 ;Coslada;-;28822;916710784;916723611;ies.mariamoliner.coslada@educa.madrid.org;-;Público;;;;;
Madrid-Capital;28077269;IES;MARIA RODRIGO;Calle Talamanca Del Jarama, 2 ;Madrid;Villa de Vallecas;28051;912761532;-;ies.mariarodrigo.madrid@educa.madrid.org;-;Público;;;;;
Madrid-Capital;28030952;IES;MARIANA PINEDA;Calle Del Alcalde Garrido Juaristi, 8 ;Madrid;Moratalaz;28030;914302111;911911202;ies.marianapineda.madrid@educa.madrid.org;-;Público;;;;;
Madrid-Capital;28028431;IES;MARIANO JOSE DE LARRA;Calle De Camarena, 181 ;Madrid;Latina;28047;917192105;-;ies.larra.madrid@educa.madrid.org;-;Público;;;;;
Madrid-Este;28076381;IES;MARIE CURIE;Calle Tomillo, 3 ;Loeches;-;28890;916741413;916741814;ies.mariecurie.loeches@educa.madrid.org;-;Público;;;;;
Madrid-Norte;28002312;IES;MARQUES DE SANTILLANA;Calle De La Isla Del Rey, 5 ;Colmenar Viejo;-;28770;918452114;918463313;ies.marquesdesantil.colmenarviejo@educa.madrid.org;-;Público;;;;;
Madrid-Capital;28039840;IES;MARQUES DE SUANZES;Avenida Del Veinticinco De Septiembre, 3 ;Madrid;San Blas-Canillejas;28027;917414653;913200619;ies.marquesdesuanzes.madrid@educa.madrid.org;-;Público;;;;;
Madrid-Este;28030903;IES;MATEO ALEMAN;Avenida Del Ejército, 89 ;Alcalá de Henares;-;28802;918882431;918889710;ies.mateoaleman.alcala@educa.madrid.org;-;Público;;;;;
Madrid-Este;28002580;IES;MIGUEL CATALÁN;Avenida De José Gárate, S/n ;Coslada;-;28823;916727142;916727111;ies.miguelcatalan.coslada@educa.madrid.org;-;Público;;;;;
Madrid-Este;28060385;IES;MIGUEL DE CERVANTES;Avenida Del Conde De Coruña, 31 ;Daganzo de Arriba;-;28814;918841825;918841830;ies.migueldecervantes.daganzo@educa.madrid.org;-;Público;;;;;
Madrid-Capital;28030162;IES;MIGUEL DELIBES;Calle De Villaescusa, 17 ;Madrid;Ciudad Lineal;28017;917541070;-;ies.delibes.madrid@educa.madrid.org;-;Público;;;;;
Madrid-Este;28041445;IES;MIGUEL DELIBES;Avenida De Juan Gris, 44 ;Mejorada del Campo;-;28840;916680143;-;ies.delibes.mejorada@educa.madrid.org;-;Público;;;;;
Madrid-Sur;28042097;IES;MIGUEL HERNÁNDEZ;Avenida De Carlos V, 1 ;Móstoles;-;28936;916468193;916466051;ies.miguelhernandez.mostoles@educa.madrid.org;-;Público;;;;;no
Madrid-Capital;28038355;IES;MIRASIERRA;Calle De La Portera Del Cura, 4 ;Madrid;Fuencarral-El Pardo;28034;917346532;913720171;ies.mirasierra.madrid@educa.madrid.org;-;Público;;;;;
Madrid-Norte;28077491;IES;MONTSERRAT CABALLE;Calle De Eslovaquia, 2 ;Tres Cantos;-;28760;918572564;917031644;ies.montserratcaballe.trescantos@educa.madrid.org;-;Público;;;;;
Madrid-Este;28083181;IES;Nº 6 RIVAS-VACIAMADRID;Calle Manuel Azaña, 94 ;Rivas-Vaciamadrid;-;28521;-;-;-;-;Público;;;;;
Madrid-Sur;28038446;IES;NARCIS MONTURIOL;Calle Leganés, 38 ;Parla;-;28981;916982811;916981510;ies.narcismonturiol.parla@educa.madrid.org;-;Público;;;;;no
Madrid-Sur;28074062;IES;NEIL ARMSTRONG;Ronda San Sebastian, 10 ;Valdemoro;-;28341;918019061;918019537;ies.neilarmstrong.valdemoro@educa.madrid.org;-;Público;;;;;no
Madrid-Capital;28020806;IES;NUESTRA SEÑORA DE LA ALMUDENA;Plaza De La Remonta, 17 ;Madrid;Tetuán;28039;915712857;-;ies.almudena.madrid@educa.madrid.org;-;Público;;;;;
Madrid-Capital;28058603;IES;NUMANCIA;Calle De Las Marismas, 14 ;Madrid;Puente de Vallecas;28038;915015001;915014989;ies.numancia.madrid@educa.madrid.org;-;Público;;;;;
Madrid-Capital;28018381;IES;ORTEGA Y GASSET;Calle Santa Fe, 4 ;Madrid;Moncloa-Aravaca;28008;915476635;915413941;ies.ortegaygasset.madrid@educa.madrid.org;-;Público;;;;;
Madrid-Este;28041500;IES;PALAS ATENEA;Calle Arrope, S/n ;Torrejón de Ardoz;-;28850;916772915;916774898;ies.palasatenea.torrejondeardoz@educa.madrid.org;-;Público;;;;;
Madrid-Capital;28021549;IES;PALOMERAS VALLECAS;Calle De Mercator, 4 ;Madrid;Puente de Vallecas;28031;913314503;913325458;ies.palomerasvallecas.madrid@educa.madrid.org;-;Público;;;;;
Madrid-Capital;28020727;IES;PARQUE ALUCHE;Calle De Maqueda, 86 ;Madrid;Latina;28024;917182610;917182498;ies.parquealuche.madrid@educa.madrid.org;-;Público;;;;;
Madrid-Capital;28074244;IES;PEDRO SALINAS;Calle Del General Marvá, 24-26 ;Madrid;Usera;28026;915699236;915699235;ies.pedrosalinas.madrid@educa.madrid.org;-;Público;;;;;
Madrid-Norte;28042103;IES;PINTOR ANTONIO LOPEZ;Calle Del Orégano, 1 ;Tres Cantos;-;28760;918039102;918030328;ies.antoniolopez.trescantos@educa.madrid.org;-;Público;;;;;
Madrid-Capital;28020715;IES;PIO BAROJA;Calle De Tolosa, 2 ;Madrid;Usera;28041;913412613;-;ies.piobaroja.madrid@educa.madrid.org;-;Público;;;;;
Madrid-Capital;28037053;IES;PRADOLONGO;Calle Del Albardín, 6 ;Madrid;Usera;28026;914699013;915650391;ies.pradolongo.madrid@educa.madrid.org;-;Público;;;;;
Madrid-Capital;28047411;IES;PRINCIPE FELIPE;Calle De Finisterre, 60 ;Madrid;Fuencarral-El Pardo;28029;913146312;913159895;ies.principefelipe.madrid@educa.madrid.org;-;Público;;;;;
Madrid-Este;28050732;IES;PROFESOR JULIO PEREZ;Avenida De Levante, 141 ;Rivas-Vaciamadrid;-;28521;916704112;916704113;ies.profesorjulioperez.rivas@educa.madrid.org;-;Público;;;;;
Madrid-Este;28038151;IES;RAFAEL ALBERTI;Calle De La Virgen De La Cabeza, 29 ;Coslada;-;28821;916691944;916693203;ies.alberti.coslada@educa.madrid.org;-;Público;;;;;
Madrid-Capital;28028672;IES;RAMIRO DE MAEZTU;Calle De Serrano, 127 ;Madrid;Chamartín;28006;915617838;914110865;ies.ramirodemaeztu.madrid@educa.madrid.org;-;Público;;;;;
Madrid-Capital;28030150;IES;RAMON Y CAJAL;Avenida De Manoteras, 55 ;Madrid;Hortaleza;28050;917660911;-;ies.ramonycajal.madrid@educa.madrid.org;-;Público;;;;;
Madrid-Capital;28057271;IES;RENACIMIENTO;Calle De Castellflorite, 4 ;Madrid;Carabanchel;28019;914615211;915256849;ies.renacimiento.madrid@educa.madrid.org;-;Público;;;;;
Madrid-Este;28037065;IES;REY FERNANDO VI;Avenida De Irún, S/n ;San Fernando de Henares;-;28830;916730241;916741584;ies.reyfernando.sanfernando@educa.madrid.org;-;Público;;;;;
Madrid-Capital;28020624;IES;REY PASTOR;Calle Del Corregidor José De Pasamonte, 17 ;Madrid;Moratalaz;28030;914392661;914371764;ies.reypastor.madrid@educa.madrid.org;-;Público;;;;;
Madrid-Norte;28042981;IES;ROSA CHACEL;Calle De Las Huertas, 68 ;Colmenar Viejo;-;28770;918464801;918463646;ies.rosachacel.colmenarviejo@educa.madrid.org;-;Público;;;;;
Madrid-Sur;28039803;IES;SALVADOR ALLENDE;Calle De Andalucía, 12 ;Fuenlabrada;-;28941;916977213;916098879;ies.salvadorallende.fuenlabrada@educa.madrid.org;-;Público;;;;;
Madrid-Capital;28039876;IES;SALVADOR DALÍ;Calle De Verdaguer Y García, 2 ;Madrid;Ciudad Lineal;28027;914049490;913264503;ies.salvadordali.madrid@educa.madrid.org;-;Público;;;;;
Madrid-Norte;28046339;IES;SAN AGUSTIN DE GUADALIX;Avenida De Félix Rodríguez De La Fuente, S/n ;San Agustín del Guadalix;-;28750;918419346;918419927;ies.sanagustin.sanagustin@educa.madrid.org;-;Público;;;;;
Madrid-Capital;28020570;IES;SAN BLAS;Calle De Arcos De Jalón, 120 ;Madrid;San Blas-Canillejas;28037;913061148;913240029;ies.sanblas.madrid@educa.madrid.org;-;Público;;;;;
Madrid-Capital;28018472;IES;SAN CRISTOBAL DE LOS ANGELES;Plaza De Los Pinazo, 7 ;Madrid;Villaverde;28021;917972584;915053607;ies.sancristobal.madrid@educa.madrid.org;-;Público;;;;;
Madrid-Capital;28019351;IES;SAN FERNANDO;Carretera De Colmenar Viejo, K13.5 ;Madrid;Fuencarral-El Pardo;28049;917342700;-;ies.sanfernando.madrid@educa.madrid.org;-;Público;;;;;
Madrid-Capital;28034441;IES;SAN ISIDORO DE SEVILLA;Plaza Del Marqués De Comillas, 1 ;Madrid;Chamberí;28040;915330607;915330337;ies.sanisidoro.madrid@educa.madrid.org;-;Público;;;;;
Madrid-Capital;28020946;IES;SAN ISIDRO;Calle De Toledo, 39 ;Madrid;Centro;28005;913651271;913656833;ies.sanisidro.madrid@educa.madrid.org;-;Público;;;;;
Madrid-Capital;28028465;IES;SAN JUAN BAUTISTA;Calle De San Nemesio, 1 ;Madrid;Ciudad Lineal;28043;914137961;914166908;ies.sanjuanbautista.madrid@educa.madrid.org;-;Público;;;;;
Madrid-Capital;28042644;IES;SANTA EUGENIA;Calle Cerro Almodóvar, 5 ;Madrid;Villa de Vallecas;28031;913311623;913322107;ies.santaeugenia.madrid@educa.madrid.org;-;Público;;;;;
Madrid-Capital;28018344;IES;SANTA TERESA DE JESUS;Calle Del Fomento, 9 ;Madrid;Centro;28013;915415996;915418034;ies.santateresa.madrid@educa.madrid.org;-;Público;;;;;
Madrid-Capital;28018356;IES;SANTAMARCA;Calle De Puerto Rico, 34 ;Madrid;Chamartín;28016;913505122;913450683;ies.santamarca.madrid@educa.madrid.org;-;Público;;;;;
Madrid-Sur;28062011;IES;SANTIAGO RUSIÑOL;Calle Alhambra De Granada ;Aranjuez;-;28300;918090245;918754642;ies.santiagorusinol.aranjuez@educa.madrid.org;-;Público;;;;;
Madrid-Este;28045773;IES;SENDA GALIANA;Calle Palmeras, 10 ;Torres de la Alameda;-;28813;918858820;918858436;ies.sendagaliana.torres@educa.madrid.org;-;Público;;;;;
Madrid-Norte;28038847;IES;SEVERO OCHOA;Calle De Francisco Chico Mendes, 3 ;Alcobendas;-;28108;916620443;916612579;ies.severoochoa.alcobendas@educa.madrid.org;-;Público;;;;;
Madrid-Norte;28057751;IES;SIERRA DE GUADARRAMA;Avenida Soto, 1 ;Soto del Real;-;28791;918479299;918477010;ies.sierradeguadarrama.soto@educa.madrid.org;-;Público;;;;;
Madrid-Este;28077890;IES;SIMONE VEIL;Parcela Eq-01 Sector 4 De Miramadrid ;Paracuellos de Jarama;-;28860;912760178;-;ies.simoneveil.paracuellos@educa.madrid.org;-;Público;;;;;
Madrid-Sur;28075509;IES;SOR JUANA DE LA CRUZ;Calle Los Almendros, S/n ;Cubas de la Sagra;-;28978;912761412;-;ies.sorjuanadelacruz.cubasdelasagra@educa.madrid.org;-;Público;;;;;
Madrid-Capital;28019464;IES;TIRSO DE MOLINA;Avenida De La Albufera, 144 ;Madrid;Puente de Vallecas;28038;913033173;913801252;ies.tirsodemolina.madrid@educa.madrid.org;-;Público;;;;;
Madrid-Sur;28080050;IES;TORCUATO FERNANDEZ MIRANDA;Avenida De Francia, 163 ;Arroyomolinos;-;28939;649551396;-;ies.torcuatofdezmiranda.arroyomolinos@educa.madrid.org;-;Público;;;;;
Madrid-Capital;28015756;IES;VALDEBERNARDO;Bulevar De Indalecio Prieto, 1 ;Madrid;Vicálvaro;28032;913016099;-;ies.valdebernardo.madrid@educa.madrid.org;-;Público;;;;;
Madrid-Este;28042681;IES;VALLE INCLAN;Calle Juncal, 14 ;Torrejón de Ardoz;-;28850;916773057;916774289;ies.valleinclan.torrejondeardoz@educa.madrid.org;-;Público;;;;;
Madrid-Capital;28020648;IES;VALLECAS I;Avenida De La Albufera, 78 ;Madrid;Puente de Vallecas;28038;914773809;914770873;ies.vallecasuno.madrid@educa.madrid.org;-;Público;;;;;
Madrid-Capital;28030964;IES;VALLECAS-MAGERIT;Calle De Antonio Folgueras, 27 ;Madrid;Puente de Vallecas;28018;914780023;914781320;ies.magerit.madrid@educa.madrid.org;-;Público;;;;;
Madrid-Este;28024290;IES;VEGA DEL JARAMA;Avenida De Irún, 18 ;San Fernando de Henares;-;28830;916711104;916693092;ies.vegadeljarama.sanfernando@educa.madrid.org;-;Público;;;;;
Madrid-Este;28046297;IES;VEGA DEL TAJUÑA;Calle Doctor Sánchez Pérez, 1 ;Morata de Tajuña;-;28530;918730777;918730917;ies.vegadeltajuna.morata@educa.madrid.org;-;Público;;;;;
Madrid-Sur;28038896;IES;VELAZQUEZ;Calle Del Pintor Velázquez, 25 ;Móstoles;-;28935;916170563;916175923;ies.velazquez.mostoles@educa.madrid.org;-;Público;;;;;no
Madrid-Sur;28026031;IES;VICENTE ALEIXANDRE;Calle Asturias, 20 ;Pinto;-;28320;916910012;916922864;ies.vicentealeixand.pinto@educa.madrid.org;-;Público;;;;;no
Madrid-Este;28037077;IES;VICTORIA KENT;Calle Plata, 85 ;Torrejón de Ardoz;-;28850;916560079;916773835;ies.victoriakent.torrejondeardoz@educa.madrid.org;-;Público;;;;;
Madrid-Sur;28042991;IES;VICTORIA KENT;Camino Polvoranca, S/n ;Fuenlabrada;-;28942;916084625;916490013;ies.victoriakent.fuenlabrada@educa.madrid.org;-;Público;;;;;
Madrid-Sur;28038926;IES;VILLA DE VALDEMORO;Calle Herencia, S/n ;Valdemoro;-;28341;918018490;918953396;ies.villadevaldemoro.valdemoro@educa.madrid.org;-;Público;;;;;no
Madrid-Capital;28040751;IES;VILLA DE VALLECAS;Calle De Villarino De Los Aires, 14 ;Madrid;Villa de Vallecas;28031;917774715;913802465;ies.villadevallecas.madrid@educa.madrid.org;-;Público;;;;;
Madrid-Capital;28039891;IES;VILLABLANCA;Calle De Villablanca, 79 ;Madrid;Vicálvaro;28032;917752214;917766577;ies.villablanca.madrid@educa.madrid.org;-;Público;;;;;
Madrid-Este;28045049;IES;VILLAREJO DE SALVANÉS;Avenida De Santa Elena, S/n ;Villarejo de Salvanés;-;28590;918744960;918742210;ies.villarejo@educa.madrid.org;-;Público;;;;;
Madrid-Capital;28021008;IES;VISTA ALEGRE;Calle Del General Ricardos, 177 ;Madrid;Carabanchel;28025;914628600;915258200;ies.vistaalegre.madrid@educa.madrid.org;-;Público;;;;;
Madrid-Capital;28063799;CP INF-PRI-SEC;ADOLFO SUAREZ;Calle De La Infanta Catalina Micaela, 31 ;Madrid;Hortaleza;28050;917502058;917189274;cp.adolfosuarez.madrid@educa.madrid.org;-;Público;;;;;
Madrid-Capital;28004990;CP INF-PRI-SEC;ALBERTO ALCOCER;Avenida Canillejas-vicalvaro, 56 ;Madrid;San Blas-Canillejas;28022;913202609;913200446;cp.albertoalcocer.madrid@educa.madrid.org;-;Público;;;;;
Madrid-Capital;28077865;CP INF-PRI-SEC;ALFREDO DI STEFANO;Calle De Félix Candela, 4 ;Madrid;Hortaleza;28055;660906527;912723215;cp.alfredodistefano.madrid@educa.madrid.org;-;Público;;;;;
Madrid-Este;28077208;CP INF-PRI-SEC;ANDREA CASAMAYOR;Avenida Valdediego C/v C/. Quevedo ;Paracuellos de Jarama;-;28860;917653712;-;cp.andreacasamayor.paracuellos@educa.madrid.org;-;Público;;;;;
Madrid-Este;28002671;CP INF-PRI-SEC;ANGEL BERZAL FERNANDEZ;Camino Del Fresno De Torote, S/n ;Daganzo de Arriba;-;28814;918841258;-;cp.angelberzalfern.daganzo@educa.madrid.org;-;Público;;;;;
Madrid-Sur;28069212;CP INF-PRI-SEC;ANGEL GONZALEZ;Calle Humanes De Madrid, 12 ;Leganés;-;28914;916485884;916486532;cp.angelgonzalez.leganes@educa.madrid.org;-;Público;;;;;
Madrid-Capital;28077877;CP INF-PRI-SEC;ANGEL NIETO;Avenida De Las Suertes Esquina C/ Arte Expresionista, S/n ;Madrid;Villa de Vallecas;28051;912723449;-;cp.angelnieto.madrid@educa.madrid.org;-;Público;;;;;
Madrid-Sur;28057040;CP INF-PRI-SEC;ANTON SEVILLANO;Calle Ruiseñor, 1-3 ;Sevilla la Nueva;-;28609;918124093;918124064;cp.antonsevillano.sevilla@educa.madrid.org;-;Público;;;;;
Madrid-Norte;28039359;CP INF-PRI-SEC;ANTONIO MACHADO;Calle De Miguel De Cervantes, 7 ;Colmenar Viejo;-;28770;918455004;-;cp.machado.colmenarviejo@educa.madrid.org;-;Público;;;;;
Madrid-Norte;28031521;CP INF-PRI-SEC;ANTONIO MACHADO;Avenida De Valencia, 5 ;San Sebastián de los Reyes;-;28702;916534935;-;cp.machado.sansebastian@educa.madrid.org;-;Público;;;;;
Madrid-Sur;28030381;CP INF-PRI-SEC;ANTONIO MACHADO;Avenida De La Reina Sofía, 42 ;Leganés;-;28919;916881997;-;cp.machado.leganes@educa.madrid.org;-;Público;;;;;
Madrid-Sur;28037582;CP INF-PRI-SEC;ARCIPRESTE DE HITA;Avenida De España, 26 ;Fuenlabrada;-;28941;916973014;916098694;cp.arciprestedehita.fuenlabrada@educa.madrid.org;-;Público;;;;;
Madrid-Capital;28021124;CP INF-PRI-SEC;ARQUITECTO GAUDI;Calle De Rosa Jardón, 10 ;Madrid;Chamartín;28016;913506564;913506564;cp.arquitectogaudi.madrid@educa.madrid.org;cp.arquitectogaudi.madrid@educa.madrid.org;Público;;;;;
Madrid-Norte;28060233;CP INF-PRI-SEC;BACHILLER ALONSO LOPEZ;Calle Francisco Largo Caballero, S/n ;Alcobendas;-;28100;916618157;916612505;cp.bachilleralonsolopez.alcobendas@educa.madrid.org;-;Público;;;;;
Madrid-Capital;28075777;CP INF-PRI-SEC;BLAS DE LEZO;Calle De Fromista, 27 ;Madrid;Fuencarral-El Pardo;28050;912761564;917031658;cp.blasdelezo.madrid@educa.madrid.org;-;Público;;;;;
Madrid-Capital;28037201;CP INF-PRI-SEC;CALDERON DE LA BARCA;Calle De Calderón, 2 ;Madrid;Barajas;28042;917472465;917473130;cp.calderondelabarca.madrid@educa.madrid.org;-;Público;;;;;
Madrid-Sur;28035494;CP INF-PRI-SEC;CARMEN CONDE;Calle Pedro Patiño, 3 ;Leganés;-;28914;916887595;916887595;cp.carmenconde.leganes@educa.madrid.org;-;Público;;;;;
Madrid-Norte;28042826;CP INF-PRI-SEC;CIUDAD DE COLUMBIA;Sector Pueblos, 19 ;Tres Cantos;-;28760;918032800;918040934;cp.ciudaddecolumbia.trescantos@educa.madrid.org;-;Público;;;;;
Madrid-Norte;28045074;CP INF-PRI-SEC;CIUDAD DE NEJAPA;Avenida De Los Labradores, 26 ;Tres Cantos;-;28760;918033835;918035367;cp.ciudaddenejapa.trescantos@educa.madrid.org;-;Público;;;;;
Madrid-Sur;28073008;CP INF-PRI-SEC;CONSTITUCION DE 1812;Calle De León C/v C/ Valladolid, S/n ;Leganés;-;28914;912640023;912640009;cp.constitucionde1812.leganes@educa.madrid.org;-;Público;;;;;
Madrid-Sur;28001137;CP INF-PRI-SEC;DANIEL MARTIN;Avenida Del Alcalde José Aranda, 45 ;Alcorcón;-;28923;916108191;916101196;cp.danielmartin.alcorcon@educa.madrid.org;-;Público;;;;;
Madrid-Capital;28028854;CP INF-PRI-SEC;DIONISIO RIDRUEJO;Calle De Zipaquira, 14 ;Madrid;Hortaleza;28033;917639188;917639188;cp.dionisioridruej.madrid@educa.madrid.org;-;Público;;;;;
Madrid-Capital;28010503;CP INF-PRI-SEC;DOCTOR CONDE ARRUGA;Calle De Hacienda De Pavones, 105 ;Madrid;Moratalaz;28030;917732393;917737286;cp.condearruga.madrid@educa.madrid.org;-;Público;;;;;
Madrid-Oeste;28060348;CP INF-PRI-SEC;EL CANTIZAL;Avenida De Atenas, S/n ;Rozas de Madrid, Las;-;28232;916030099;-;cp.elcantizal.lasrozas@educa.madrid.org;-;Público;;;;;
Madrid-Oeste;28057076;CP INF-PRI-SEC;EL ENCINAR;Calle Ribadesella, S/n ;Torrelodones;-;28250;918593112;918592885;cp.elencinar.torrelodones@educa.madrid.org;-;Público;;;;;
Madrid-Este;28037946;CP INF-PRI-SEC;EL OLIVAR;Avenida De Covibar, 3 ;Rivas-Vaciamadrid;-;28523;916663979;916663242;cp.elolivar.rivas@educa.madrid.org;cp.el.olivar1@centros2.pntic.mec.es;Público;;;;;
Madrid-Sur;28039761;CP INF-PRI-SEC;ENRIQUE TIERNO GALVAN;Avenida De Europa, 11 ;Fuenlabrada;-;28943;916060831;914921802;cp.tiernogalvan.fuenlabrada@educa.madrid.org;-;Público;;;;;
Madrid-Este;28070718;CP INF-PRI-SEC;ERNEST HEMINGWAY;Calle Gonzalo Torrente Ballester, 74 ;Alcalá de Henares;-;28806;918784065;918303988;cp.ernesthemingway.alcala@educa.madrid.org;-;Público;;;;;
Madrid-Capital;28021409;CP INF-PRI-SEC;ESPERANZA;Calle De Andorra, 12 ;Madrid;Hortaleza;28043;913003012;913003012;cp.esperanza.madrid@educa.madrid.org;-;Público;;;;;
Madrid-Sur;28002026;CP INF-PRI-SEC;EUGENIO MURO;Carretera Rozas De Puerto Real, 20 ;Cadalso de los Vidrios;-;28640;918640158;918641288;cp.eugeniomuro.cadalso@educa.madrid.org;-;Público;;;;;
Madrid-Este;28002038;CP INF-PRI-SEC;FEDERICO GARCIA LORCA;Calle De La Huerta, S/n ;Camarma de Esteruelas;-;28816;913304556;-;cp.garcialorca.camarma@educa.madrid.org;-;Público;;;;;
Madrid-Sur;28028830;CP INF-PRI-SEC;FRANCISCO DE QUEVEDO;Camino De Los Frailes, 6 ;Leganés;-;28914;916948222;916939224;cp.quevedo.leganes@educa.madrid.org;-;Público;;;;;
Madrid-Capital;28063775;CP INF-PRI-SEC;GABRIELA MISTRAL;Calle De Mirallos, 3 ;Madrid;Fuencarral-El Pardo;28050;913586549;913586557;cp.gabrielamistral.madrid@educa.madrid.org;-;Público;;;;;
Madrid-Sur;28063911;CP INF-PRI-SEC;GANDHI;Calle Jacinto Benavente, S/n ;Villaviciosa de Odón;-;28670;916163067;916164671;cp.gandhi.villaviciosa@educa.madrid.org;-;Público;;;;;
Madrid-Capital;28049365;CP INF-PRI-SEC;GUINDALERA;Calle De Bóston, 1 ;Madrid;Salamanca;28028;917252437;-;cp.guindalera.madrid@educa.madrid.org;-;Público;;;;;
Madrid-Sur;28023364;CP INF-PRI-SEC;ISABEL LA CATOLICA;Calle Vía Olímpica, S/n ;Navas del Rey;-;28695;918650536;918650790;cp.isabellacatolica.navas@educa.madrid.org;-;Público;;;;;
Madrid-Norte;28025403;CP INF-PRI-SEC;JESUS ARAMBURU;Calle Del Jarama, 10 ;Valdetorres de Jarama;-;28150;918472060;-;cp.jesusaramburu.valdetorres@educa.madrid.org;-;Público;;;;;
Madrid-Sur;28038082;CP INF-PRI-SEC;JOAQUIN COSTA;Calle Del Parque Grande, 1 ;Alcorcón;-;28924;916113435;916104905;cp.joaquincosta.alcorcon@educa.madrid.org;-;Público;;;;;
Madrid-Capital;28074256;CP INF-PRI-SEC;JOSE DE ECHEGARAY;Calle De Puentedey, 14 ;Madrid;Villa de Vallecas;28051;911996781;911996782;cp.josedeechegaray.madrid@educa.madrid.org;cp.josedeechegaray.madrid@hotmail.com;Público;;;;;
Madrid-Capital;28071361;CP INF-PRI-SEC;JOSEP TARRADELLAS;Calle De Triacastela, 1 ;Madrid;Fuencarral-El Pardo;28050;914274125;914274161;cp.joseptarradellas.madrid@educa.madrid.org;-;Público;;;;;
Madrid-Este;28023388;CP INF-PRI-SEC;JUAN DE GOYENECHE;Avenida Glasgow, 1 ;Nuevo Baztán;-;28514;918735070;-;cp.goyeneche.nuevobaztan@educa.madrid.org;-;Público;;;;;
Madrid-Este;28077348;CP INF-PRI-SEC;LA LUNA;Avenida De La Tierra, 2 ;Rivas-Vaciamadrid;-;28523;916665859;-;cp.laluna.rivas@educa.madrid.org;-;Público;;;;;
Madrid-Sur;28040039;CP INF-PRI-SEC;LAURA GARCIA NOBLEJAS Y BRUNET;Calle Del Gral Sanz Marqués San Juan Puerto Rico, 11 ;Villaviciosa de Odón;-;28670;916163208;-;cp.garcianoblejas.villaviciosa2@educa.madrid.org;-;Público;;;;;
Madrid-Capital;28069820;CP INF-PRI-SEC;LEOPOLDO CALVO-SOTELO;Calle De Puente La Reina, S/n ;Madrid;Fuencarral-El Pardo;28050;914273351;-;cp.leopoldocalvosotelo.madrid@educa.madrid.org;-;Público;;;;;
Madrid-Oeste;28023741;CP INF-PRI-SEC;LOS ANGELES;Calle Diego De Velázquez, 5 ;Pozuelo de Alarcón;-;28223;917116584;915180145;cp.losangeles.pozuelodealarcon@educa.madrid.org;-;Público;;;;;
Madrid-Oeste;28042814;CP INF-PRI-SEC;LOS JARALES-MONTERROZAS;Avenida Esparta, 54 ;Rozas de Madrid, Las;-;28232;916318490;916318490;cp.losjarales.lasrozas@educa.madrid.org;ceiplosjarales@telefonica.net;Público;;;;;
Madrid-Capital;28069169;CP INF-PRI-SEC;LOYOLA DE PALACIO;Calle Del Embalse De Navacerrada, 60 ;Madrid;Villa de Vallecas;28051;913851330;-;cp.loyoladepalacio.madrid@educa.madrid.org;-;Público;;;;;
Madrid-Norte;28037508;CP INF-PRI-SEC;LUIS BUÑUEL;Calle De Jaén, 73 ;Alcobendas;-;28100;916512323;916638652;cp.luisbunuel.alcobendas@educa.madrid.org;cp.luisbunuel.alcobendas@educa.madrid.org;Público;;;;;
Madrid-Sur;28070691;CP INF-PRI-SEC;MAESTRO RODRIGO;Avenida Memorial De La Paz De Hiroshima, S/n ;Aranjuez;-;28300;918927841;918928169;cp.maestrorodrigo.aranjuez@educa.madrid.org;-;Público;;;;;
Madrid-Sur;28063878;CP INF-PRI-SEC;MARIA MARTIN;Calle De Las Víctimas Del Terrorismo, S/n ;Navalcarnero;-;28600;918110110;918115517;cp.mariamartin.navalcarnero@educa.madrid.org;-;Público;;;;;
Madrid-Oeste;28057088;CP INF-PRI-SEC;MARIA MOLINER;Avenida Rioja, 14 ;Villanueva de la Cañada;-;28691;918155505;-;cp.mariamoliner.villanuevadelacanada@educa.madrid.org;-;Público;;;;;
Madrid-Capital;28031348;CP INF-PRI-SEC;MARIANO JOSE DE LARRA;Calle De Longares, 11 ;Madrid;San Blas-Canillejas;28022;913133789;917759574;cp.larra.madrid@educa.madrid.org;-;Público;;;;;
Madrid-Oeste;28066119;CP INF-PRI-SEC;MARIO VARGAS LLOSA;Avenida De Atenas, 48b ;Rozas de Madrid, Las;-;28232;916315884;916315884;cp.vargasllosa.lasrozas@educa.madrid.org;-;Público;;;;;
Madrid-Norte;28002853;CP INF-PRI-SEC;MARTINA GARCIA;Avenida Julián Sánchez, 17 ;Fuente el Saz de Jarama;-;28140;916200825;916224053;cp.martinagarcia.fuenteelsaz@educa.madrid.org;-;Público;;;;;
Madrid-Capital;28005866;CP INF-PRI-SEC;MEJICO;Avenida De Badajoz, 74 ;Madrid;Ciudad Lineal;28027;914035744;914045880;cp.mejico.madrid@educa.madrid.org;cp.mejico.madrid@educa.madrid.org;Público;;;;;
Madrid-Capital;28029123;CP INF-PRI-SEC;MESETA DE ORCASITAS;Calle Del Camino Viejo De Villaverde, 1 ;Madrid;Usera;28041;913413045;-;cp.mesetadeorcasitas.madrid@educa.madrid.org;-;Público;;;;;
Madrid-Este;28025415;CP INF-PRI-SEC;MIGUEL DE CERVANTES;Calle Miguel Cervantes, 4 ;Valdilecha;-;28511;918738437;918738660;cp.cervantes.valdilecha@educa.madrid.org;-;Público;;;;;
Madrid-Sur;28076307;CP INF-PRI-SEC;MIGUEL DE CERVANTES;Calle De Maritornes C/v Insula Malindrania ;Getafe;-;28906;910517794;910517842;cp.migueldecervantes.getafe@educa.madrid.org;-;Público;;;;;
Madrid-Sur;28033679;CP INF-PRI-SEC;MIGUEL DE CERVANTES;Avenida De Villaviciosa, 7 ;Alcorcón;-;28922;916116198;916116569;cp.cervantes.alcorcon@educa.madrid.org;-;Público;;;;;
Madrid-Este;28023637;CP INF-PRI-SEC;NUESTRA SEÑORA DEL CASTILLO;Carretera De Morata, 7 ;Perales de Tajuña;-;28540;918748122;918748122;cp.castillo.perales@educa.madrid.org;-;Público;;;;;
Madrid-Sur;28032584;CP INF-PRI-SEC;NUESTRA SEÑORA DEL ROSARIO;Calle Fuentecilla, 18 ;Valdemoro;-;28341;918953309;918094427;cp.rosario.valdemoro@educa.madrid.org;m.victoria.garcia.marcos@madrid.org;Público;;;;;
Madrid-Este;28000376;CP INF-PRI-SEC;NUESTRA SEÑORA DEL VAL;Calle Ávila, S/n ;Alcalá de Henares;-;28804;918893702;-;cp.val.alcala@educa.madrid.org;-;Público;;;;;
Madrid-Capital;28031351;CP INF-PRI-SEC;PABLO PICASSO;Calle De Ángel Luis De La Herrán, 35 ;Madrid;Hortaleza;28043;913821795;917646297;cp.picasso.madrid@educa.madrid.org;-;Público;;;;;
Madrid-Oeste;28079451;CP INF-PRI-SEC;PADRE GARRALDA;Calle Sierra Nevada, 32 ;Villanueva de la Cañada;-;28691;918354980;-;cp.padregarralda.villanuevadelacanada@educa.madrid.org;-;Público;;;;;
Madrid-Capital;28006044;CP INF-PRI-SEC;PARQUE ALUCHE;Calle De Quero, 47 ;Madrid;Latina;28024;917178190;917178050;cp.parquealuche.madrid@educa.madrid.org;-;Público;;;;;
Madrid-Capital;28060211;CP INF-PRI-SEC;PEDRO DUQUE;Calle De Marmolina, 5 ;Madrid;Vicálvaro;28032;917762363;917753209;cp.pedroduque.madrid@educa.madrid.org;-;Público;;;;;
Madrid-Norte;28001952;CP INF-PRI-SEC;PEÑALTA;Calle Peñalta, S/n ;Buitrago del Lozoya;-;28730;918680107;918680186;cp.penalta.buitrago@educa.madrid.org;cp.penalta.buitrago@educa.madrid.org;Público;;;;;
Madrid-Sur;28028222;CP INF-PRI-SEC;PIO BAROJA;Avenida Europa, 10 ;Leganés;-;28916;916878687;916878687;cp.piobaroja.leganes@educa.madrid.org;-;Público;;;;;
Madrid-Oeste;28023273;CP INF-PRI-SEC;PRINCIPE DE ASTURIAS;Avenida Del Rosal, 2 ;Navacerrada;-;28491;918535129;918535213;cp.principeasturias.navacerrada@educa.madrid.org;-;Público;;;;;
Madrid-Oeste;28064160;CP INF-PRI-SEC;PRINCIPES DE ASTURIAS;Calle Atlántico Del Paular, 8 ;Pozuelo de Alarcón;-;28224;917140919;913515144;cp.principesdeasturias.pozuelodealarcon@educa.madrid.org;-;Público;;;;;
Madrid-Norte;28073872;CP INF-PRI-SEC;PUERTA DE LA SIERRA;Calle Placer De Ver, S/n ;Venturada;-;28729;918439140;918439289;cp.puertadelasierra.venturada@educa.madrid.org;-;Público;;;;;
Madrid-Capital;28026067;CP INF-PRI-SEC;RAMON PEREZ DE AYALA;Calle De Motilla Del Palancar, 19 ;Madrid;Hortaleza;28043;917592205;917599412;cp.perezdeayala.madrid@educa.madrid.org;-;Público;;;;;
Madrid-Este;28038124;CP INF-PRI-SEC;ROSALIA DE CASTRO;Calle Rosa Luxemburgo, 2 ;Arganda del Rey;-;28500;918715575;918715283;cp.rosaliadecastro.arganda@educa.madrid.org;cp.rosaliadecastro.arganda@educa.madrid.org;Público;;;;;
Madrid-Capital;28082629;CP INF-PRI-SEC;RUDYARD KIPLING;Calle José Escobar Y Saliente, 50 ;Madrid;Vicálvaro;28052;911717085;-;cp.rudyardkipling.madrid@educa.madrid.org;-;Público;;;;;
Madrid-Sur;28002981;CP INF-PRI-SEC;SAGRADO CORAZON;Calle Guadalajara, 2 ;Getafe;-;28901;916953007;916963091;cp.sagradocorazon.getafe@educa.madrid.org;-;Público;;;;;
Madrid-Sur;28060270;CP INF-PRI-SEC;SALVADOR DALI;Calle De La Tia Javiera, S/n ;Fuenlabrada;-;28942;916046230;916047303;cp.salvadordali.fuenlabrada@educa.madrid.org;ceipsodali@gmail.com;Público;;;;;
Madrid-Este;28067604;CP INF-PRI-SEC;SALVADOR DE MADARIAGA;Calle La Lámpara, S/n ;Daganzo de Arriba;-;28814;918848589;918848590;cp.salvadordemadariaga.daganzo@educa.madrid.org;-;Público;;;;;
Madrid-Este;28000029;CP INF-PRI-SEC;SAN BLAS;Calle Víctor Hurtado, S/n ;Ajalvir;-;28864;918844589;-;cp.sanblas.ajalvir@educa.madrid.org;-;Público;;;;;
Madrid-Sur;28025521;CP INF-PRI-SEC;SAN DAMASO;Calle Real Cañada Segoviana, S/n ;Villamanta;-;28610;918136370;-;cp.sandamaso.villamanta@educa.madrid.org;-;Público;;;;;
Madrid-Sur;28001371;CP INF-PRI-SEC;SAN JOSE DE CALASANZ;Avenida De La Plaza De Toros, 32 ;Aranjuez;-;28300;918910771;-;cp.sanjosedecalasanz.aranjuez@educa.madrid.org;cp.sanjosedecalasanz.aranjuez@educa.madrid.org;Público;;;;;
Madrid-Sur;28067768;CP INF-PRI-SEC;SAN MIGUEL;Calle De Las Viñas, 9 ;Villamantilla;-;28609;918137521;918126010;cp.sanmiguel.villamantilla@educa.madrid.org;-;Público;;;;;
Madrid-Norte;28063830;CP INF-PRI-SEC;SANSUEÑA;Plaza De La Cruz, 1 ;Talamanca de Jarama;-;28160;918417515;918417214;cp.sansuena.talamanca@educa.madrid.org;-;Público;;;;;
Madrid-Sur;28067744;CP INF-PRI-SEC;SANTO ANGEL DE LA GUARDA;Calle Rodetas, 19 ;Chapinería;-;28694;918652735;-;cp.santoangeldelaguarda.chapineria@educa.madrid.org;-;Público;;;;;
Madrid-Norte;28039669;CP INF-PRI-SEC;SANTO DOMINGO;Avenida Del Guadalix, 35 ;Algete;-;28120;916221690;-;cp.santodomingo.algete@educa.madrid.org;-;Público;;;;;
Madrid-Sur;28002105;CP INF-PRI-SEC;SUAREZ SOMONTE;Calle De La Ronda Del Sur, 54 ;Cenicientos;-;28650;918642528;918642528;cp.suarezsomonte.cenicientos@educa.madrid.org;-;Público;;;;;
Madrid-Norte;28064421;CP INF-PRI-SEC;TERESA DE CALCUTA;Calle Clara Campoamor, 3 ;San Sebastián de los Reyes;-;28702;916670474;916677312;cp.teresadecalcuta.sansebastian@educa.madrid.org;-;Público;;;;;
Madrid-Sur;28042191;CP INF-PRI-SEC;VELAZQUEZ;Urbanizacion Nuevo Versalles, 16 ;Fuenlabrada;-;28942;916892040;914865728;cp.velazquez.fuenlabrada@educa.madrid.org;-;Público;;;;;
Madrid-Norte;28022891;CP INF-PRI-SEC;VICENTE ALEIXANDRE;Avenida De La Constitución, 29 ;Miraflores de la Sierra;-;28792;918443873;918445212;cp.vicentealeixandre.miraflores@educa.madrid.org;-;Público;;;;;
Madrid-Sur;28003791;CP INF-PRI-SEC;VICTOR PRADERA;Calle Monegros, 27 ;Leganés;-;28915;916886959;916873991;cp.victorpradera.leganes@educa.madrid.org;-;Público;;;;;
Madrid-Norte;28002211;CP INF-PRI-SEC;VILLA DE COBEÑA;Calle De La Fuente, 17 ;Cobeña;-;28863;916208425;916208425;cp.villadecobena.cobena@educa.madrid.org;-;Público;;;;;
Madrid-Capital;28031075;CP INF-PRI-SEC;VIRGEN DEL CORTIJO;Avenida De Manoteras, 41 ;Madrid;Hortaleza;28050;917661215;913844438;cp.cortijo.madrid@educa.madrid.org;-;Público;;;;;
;;;;;;;;;;;;;;;;;
ORDEN DE DATS Y DE LOCALIDADES CON MINUTOS EN COCHE PARA LLEGAR:;;;;;;;;;;;;;;;;;
;;;;;;;;;;;;;;;;;
capital oeste norte sur este;;;;;;;;;;;;;;;;;
;;;;;;;;;;;;;;;;;
Madrid tetuan 9;;;;;;;;;;;;;;;;;
Madrid chamartin 12;;;;;;;;;;;;;;;;;
Madrid moncloa-aravaca 18;;;;;;;;;;;;;;;;;
Madrid fuencarral-elpardo 20;;;;;;;;;;;;;;;;;
Madrid chamberi 20;;;;;;;;;;;;;;;;;
Madrid centro 24;;;;;;;;;;;;;;;;;
pozuelo 18;;;;;;;;;;;;;;;;;
rozas 22;;;;;;;;;;;;;;;;;
majada 24;;;;;;;;;;;;;;;;;
Madrid Hortaleza 22;;;;;;;;;;;;;;;;;
Madrid salamanca 22;;;;;;;;;;;;;;;;;
Madrid latina 24;;;;;;;;;;;;;;;;;
Alcobendas 28;;;;;;;;;;;;;;;;;
pardillo 28 ;;;;;;;;;;;;;;;;;
Boadilla 26;;;;;;;;;;;;;;;;;
Madrid retiro 30;;;;;;;;;;;;;;;;;
Madrid barajas 30;;;;;;;;;;;;;;;;;
Torrelodones 28;;;;;;;;;;;;;;;;;
tres cantos 28;;;;;;;;;;;;;;;;;
odon 30;;;;;;;;;;;;;;;;;
Madrid sanblas 35;;;;;;;;;;;;;;;;;
Getafe 35;;;;;;;;;;;;;;;;;
Leganés 35;;;;;;;;;;;;;;;;;
Alpedrete 40;;;;;;;;;;;;;;;;;
Guadarrama 40;;;;;;;;;;;;;;;;;
